Time_Index,natgas_fossil_SE,natgas_fossil_MIDAT,natgas_fossil_NE,uranium_source,gasoline_fossil_SE,gasoline_fossil_MIDAT,gasoline_fossil_NE,jetfuel_fossil_SE,jetfuel_fossil_MIDAT,jetfuel_fossil_NE,diesel_fossil_SE,diesel_fossil_MIDAT,diesel_fossil_NE
1,14.05803,13.68269,16.82186,2.79796,94.95991,94.95991,94.95991,75.68131,75.68131,75.68131,97.34841,97.34841,97.34841
2,14.05803,13.68269,16.82186,2.79796,94.95991,94.95991,94.95991,75.68131,75.68131,75.68131,97.34841,97.34841,97.34841
3,14.05803,13.68269,16.82186,2.79796,94.95991,94.95991,94.95991,75.68131,75.68131,75.68131,97.34841,97.34841,97.34841
4,14.05803,13.68269,16.82186,2.79796,94.95991,94.95991,94.95991,75.68131,75.68131,75.68131,97.34841,97.34841,97.34841
5,14.05803,13.68269,16.82186,2.79796,94.95991,94.95991,94.95991,75.68131,75.68131,75.68131,97.34841,97.34841,97.34841
6,14.05803,13.68269,16.82186,2.79796,94.95991,94.95991,94.95991,75.68131,75.68131,75.68131,97.34841,97.34841,97.34841
7,14.05803,13.68269,16.82186,2.79796,94.95991,94.95991,94.95991,75.68131,75.68131,75.68131,97.34841,97.34841,97.34841
8,14.05803,13.68269,16.82186,2.79796,94.95991,94.95991,94.95991,75.68131,75.68131,75.68131,97.34841,97.34841,97.34841
9,14.05803,13.68269,16.82186,2.79796,94.95991,94.95991,94.95991,75.68131,75.68131,75.68131,97.34841,97.34841,97.34841
10,14.05803,13.68269,16.82186,2.79796,94.95991,94.95991,94.95991,75.68131,75.68131,75.68131,97.34841,97.34841,97.34841
11,14.05803,13.68269,16.82186,2.79796,94.95991,94.95991,94.95991,75.68131,75.68131,75.68131,97.34841,97.34841,97.34841
12,14.05803,13.68269,16.82186,2.79796,94.95991,94.95991,94.95991,75.68131,75.68131,75.68131,97.34841,97.34841,97.34841
13,14.05803,13.68269,16.82186,2.79796,94.95991,94.95991,94.95991,75.68131,75.68131,75.68131,97.34841,97.34841,97.34841
14,14.05803,13.68269,16.82186,2.79796,94.95991,94.95991,94.95991,75.68131,75.68131,75.68131,97.34841,97.34841,97.34841
15,14.05803,13.68269,16.82186,2.79796,94.95991,94.95991,94.95991,75.68131,75.68131,75.68131,97.34841,97.34841,97.34841
16,14.05803,13.68269,16.82186,2.79796,94.95991,94.95991,94.95991,75.68131,75.68131,75.68131,97.34841,97.34841,97.34841
17,14.05803,13.68269,16.82186,2.79796,94.95991,94.95991,94.95991,75.68131,75.68131,75.68131,97.34841,97.34841,97.34841
18,14.05803,13.68269,16.82186,2.79796,94.95991,94.95991,94.95991,75.68131,75.68131,75.68131,97.34841,97.34841,97.34841
19,14.05803,13.68269,16.82186,2.79796,94.95991,94.95991,94.95991,75.68131,75.68131,75.68131,97.34841,97.34841,97.34841
20,14.05803,13.68269,16.82186,2.79796,94.95991,94.95991,94.95991,75.68131,75.68131,75.68131,97.34841,97.34841,97.34841
21,14.05803,13.68269,16.82186,2.79796,94.95991,94.95991,94.95991,75.68131,75.68131,75.68131,97.34841,97.34841,97.34841
22,14.05803,13.68269,16.82186,2.79796,94.95991,94.95991,94.95991,75.68131,75.68131,75.68131,97.34841,97.34841,97.34841
23,14.05803,13.68269,16.82186,2.79796,94.95991,94.95991,94.95991,75.68131,75.68131,75.68131,97.34841,97.34841,97.34841
24,14.05803,13.68269,16.82186,2.79796,94.95991,94.95991,94.95991,75.68131,75.68131,75.68131,97.34841,97.34841,97.34841
25,14.05803,13.68269,16.82186,2.79796,94.95991,94.95991,94.95991,75.68131,75.68131,75.68131,97.34841,97.34841,97.34841
26,14.05803,13.68269,16.82186,2.79796,94.95991,94.95991,94.95991,75.68131,75.68131,75.68131,97.34841,97.34841,97.34841
27,14.05803,13.68269,16.82186,2.79796,94.95991,94.95991,94.95991,75.68131,75.68131,75.68131,97.34841,97.34841,97.34841
28,14.05803,13.68269,16.82186,2.79796,94.95991,94.95991,94.95991,75.68131,75.68131,75.68131,97.34841,97.34841,97.34841
29,14.05803,13.68269,16.82186,2.79796,94.95991,94.95991,94.95991,75.68131,75.68131,75.68131,97.34841,97.34841,97.34841
30,14.05803,13.68269,16.82186,2.79796,94.95991,94.95991,94.95991,75.68131,75.68131,75.68131,97.34841,97.34841,97.34841
31,14.05803,13.68269,16.82186,2.79796,94.95991,94.95991,94.95991,75.68131,75.68131,75.68131,97.34841,97.34841,97.34841
32,14.05803,13.68269,16.82186,2.79796,94.95991,94.95991,94.95991,75.68131,75.68131,75.68131,97.34841,97.34841,97.34841
33,14.05803,13.68269,16.82186,2.79796,94.95991,94.95991,94.95991,75.68131,75.68131,75.68131,97.34841,97.34841,97.34841
34,14.05803,13.68269,16.82186,2.79796,94.95991,94.95991,94.95991,75.68131,75.68131,75.68131,97.34841,97.34841,97.34841
35,14.05803,13.68269,16.82186,2.79796,94.95991,94.95991,94.95991,75.68131,75.68131,75.68131,97.34841,97.34841,97.34841
36,14.05803,13.68269,16.82186,2.79796,94.95991,94.95991,94.95991,75.68131,75.68131,75.68131,97.34841,97.34841,97.34841
37,14.05803,13.68269,16.82186,2.79796,94.95991,94.95991,94.95991,75.68131,75.68131,75.68131,97.34841,97.34841,97.34841
38,14.05803,13.68269,16.82186,2.79796,94.95991,94.95991,94.95991,75.68131,75.68131,75.68131,97.34841,97.34841,97.34841
39,14.05803,13.68269,16.82186,2.79796,94.95991,94.95991,94.95991,75.68131,75.68131,75.68131,97.34841,97.34841,97.34841
40,14.05803,13.68269,16.82186,2.79796,94.95991,94.95991,94.95991,75.68131,75.68131,75.68131,97.34841,97.34841,97.34841
41,14.05803,13.68269,16.82186,2.79796,94.95991,94.95991,94.95991,75.68131,75.68131,75.68131,97.34841,97.34841,97.34841
42,14.05803,13.68269,16.82186,2.79796,94.95991,94.95991,94.95991,75.68131,75.68131,75.68131,97.34841,97.34841,97.34841
43,14.05803,13.68269,16.82186,2.79796,94.95991,94.95991,94.95991,75.68131,75.68131,75.68131,97.34841,97.34841,97.34841
44,14.05803,13.68269,16.82186,2.79796,94.95991,94.95991,94.95991,75.68131,75.68131,75.68131,97.34841,97.34841,97.34841
45,14.05803,13.68269,16.82186,2.79796,94.95991,94.95991,94.95991,75.68131,75.68131,75.68131,97.34841,97.34841,97.34841
46,14.05803,13.68269,16.82186,2.79796,94.95991,94.95991,94.95991,75.68131,75.68131,75.68131,97.34841,97.34841,97.34841
47,14.05803,13.68269,16.82186,2.79796,94.95991,94.95991,94.95991,75.68131,75.68131,75.68131,97.34841,97.34841,97.34841
48,14.05803,13.68269,16.82186,2.79796,94.95991,94.95991,94.95991,75.68131,75.68131,75.68131,97.34841,97.34841,97.34841
49,14.05803,13.68269,16.82186,2.79796,94.95991,94.95991,94.95991,75.68131,75.68131,75.68131,97.34841,97.34841,97.34841
50,14.05803,13.68269,16.82186,2.79796,94.95991,94.95991,94.95991,75.68131,75.68131,75.68131,97.34841,97.34841,97.34841
51,14.05803,13.68269,16.82186,2.79796,94.95991,94.95991,94.95991,75.68131,75.68131,75.68131,97.34841,97.34841,97.34841
52,14.05803,13.68269,16.82186,2.79796,94.95991,94.95991,94.95991,75.68131,75.68131,75.68131,97.34841,97.34841,97.34841
53,14.05803,13.68269,16.82186,2.79796,94.95991,94.95991,94.95991,75.68131,75.68131,75.68131,97.34841,97.34841,97.34841
54,14.05803,13.68269,16.82186,2.79796,94.95991,94.95991,94.95991,75.68131,75.68131,75.68131,97.34841,97.34841,97.34841
55,14.05803,13.68269,16.82186,2.79796,94.95991,94.95991,94.95991,75.68131,75.68131,75.68131,97.34841,97.34841,97.34841
56,14.05803,13.68269,16.82186,2.79796,94.95991,94.95991,94.95991,75.68131,75.68131,75.68131,97.34841,97.34841,97.34841
57,14.05803,13.68269,16.82186,2.79796,94.95991,94.95991,94.95991,75.68131,75.68131,75.68131,97.34841,97.34841,97.34841
58,14.05803,13.68269,16.82186,2.79796,94.95991,94.95991,94.95991,75.68131,75.68131,75.68131,97.34841,97.34841,97.34841
59,14.05803,13.68269,16.82186,2.79796,94.95991,94.95991,94.95991,75.68131,75.68131,75.68131,97.34841,97.34841,97.34841
60,14.05803,13.68269,16.82186,2.79796,94.95991,94.95991,94.95991,75.68131,75.68131,75.68131,97.34841,97.34841,97.34841
61,14.05803,13.68269,16.82186,2.79796,94.95991,94.95991,94.95991,75.68131,75.68131,75.68131,97.34841,97.34841,97.34841
62,14.05803,13.68269,16.82186,2.79796,94.95991,94.95991,94.95991,75.68131,75.68131,75.68131,97.34841,97.34841,97.34841
63,14.05803,13.68269,16.82186,2.79796,94.95991,94.95991,94.95991,75.68131,75.68131,75.68131,97.34841,97.34841,97.34841
64,14.05803,13.68269,16.82186,2.79796,94.95991,94.95991,94.95991,75.68131,75.68131,75.68131,97.34841,97.34841,97.34841
65,14.05803,13.68269,16.82186,2.79796,94.95991,94.95991,94.95991,75.68131,75.68131,75.68131,97.34841,97.34841,97.34841
66,14.05803,13.68269,16.82186,2.79796,94.95991,94.95991,94.95991,75.68131,75.68131,75.68131,97.34841,97.34841,97.34841
67,14.05803,13.68269,16.82186,2.79796,94.95991,94.95991,94.95991,75.68131,75.68131,75.68131,97.34841,97.34841,97.34841
68,14.05803,13.68269,16.82186,2.79796,94.95991,94.95991,94.95991,75.68131,75.68131,75.68131,97.34841,97.34841,97.34841
69,14.05803,13.68269,16.82186,2.79796,94.95991,94.95991,94.95991,75.68131,75.68131,75.68131,97.34841,97.34841,97.34841
70,14.05803,13.68269,16.82186,2.79796,94.95991,94.95991,94.95991,75.68131,75.68131,75.68131,97.34841,97.34841,97.34841
71,14.05803,13.68269,16.82186,2.79796,94.95991,94.95991,94.95991,75.68131,75.68131,75.68131,97.34841,97.34841,97.34841
72,14.05803,13.68269,16.82186,2.79796,94.95991,94.95991,94.95991,75.68131,75.68131,75.68131,97.34841,97.34841,97.34841
73,14.05803,13.68269,16.82186,2.79796,94.95991,94.95991,94.95991,75.68131,75.68131,75.68131,97.34841,97.34841,97.34841
74,14.05803,13.68269,16.82186,2.79796,94.95991,94.95991,94.95991,75.68131,75.68131,75.68131,97.34841,97.34841,97.34841
75,14.05803,13.68269,16.82186,2.79796,94.95991,94.95991,94.95991,75.68131,75.68131,75.68131,97.34841,97.34841,97.34841
76,14.05803,13.68269,16.82186,2.79796,94.95991,94.95991,94.95991,75.68131,75.68131,75.68131,97.34841,97.34841,97.34841
77,14.05803,13.68269,16.82186,2.79796,94.95991,94.95991,94.95991,75.68131,75.68131,75.68131,97.34841,97.34841,97.34841
78,14.05803,13.68269,16.82186,2.79796,94.95991,94.95991,94.95991,75.68131,75.68131,75.68131,97.34841,97.34841,97.34841
79,14.05803,13.68269,16.82186,2.79796,94.95991,94.95991,94.95991,75.68131,75.68131,75.68131,97.34841,97.34841,97.34841
80,14.05803,13.68269,16.82186,2.79796,94.95991,94.95991,94.95991,75.68131,75.68131,75.68131,97.34841,97.34841,97.34841
81,14.05803,13.68269,16.82186,2.79796,94.95991,94.95991,94.95991,75.68131,75.68131,75.68131,97.34841,97.34841,97.34841
82,14.05803,13.68269,16.82186,2.79796,94.95991,94.95991,94.95991,75.68131,75.68131,75.68131,97.34841,97.34841,97.34841
83,14.05803,13.68269,16.82186,2.79796,94.95991,94.95991,94.95991,75.68131,75.68131,75.68131,97.34841,97.34841,97.34841
84,14.05803,13.68269,16.82186,2.79796,94.95991,94.95991,94.95991,75.68131,75.68131,75.68131,97.34841,97.34841,97.34841
85,14.05803,13.68269,16.82186,2.79796,94.95991,94.95991,94.95991,75.68131,75.68131,75.68131,97.34841,97.34841,97.34841
86,14.05803,13.68269,16.82186,2.79796,94.95991,94.95991,94.95991,75.68131,75.68131,75.68131,97.34841,97.34841,97.34841
87,14.05803,13.68269,16.82186,2.79796,94.95991,94.95991,94.95991,75.68131,75.68131,75.68131,97.34841,97.34841,97.34841
88,14.05803,13.68269,16.82186,2.79796,94.95991,94.95991,94.95991,75.68131,75.68131,75.68131,97.34841,97.34841,97.34841
89,14.05803,13.68269,16.82186,2.79796,94.95991,94.95991,94.95991,75.68131,75.68131,75.68131,97.34841,97.34841,97.34841
90,14.05803,13.68269,16.82186,2.79796,94.95991,94.95991,94.95991,75.68131,75.68131,75.68131,97.34841,97.34841,97.34841
91,14.05803,13.68269,16.82186,2.79796,94.95991,94.95991,94.95991,75.68131,75.68131,75.68131,97.34841,97.34841,97.34841
92,14.05803,13.68269,16.82186,2.79796,94.95991,94.95991,94.95991,75.68131,75.68131,75.68131,97.34841,97.34841,97.34841
93,14.05803,13.68269,16.82186,2.79796,94.95991,94.95991,94.95991,75.68131,75.68131,75.68131,97.34841,97.34841,97.34841
94,14.05803,13.68269,16.82186,2.79796,94.95991,94.95991,94.95991,75.68131,75.68131,75.68131,97.34841,97.34841,97.34841
95,14.05803,13.68269,16.82186,2.79796,94.95991,94.95991,94.95991,75.68131,75.68131,75.68131,97.34841,97.34841,97.34841
96,14.05803,13.68269,16.82186,2.79796,94.95991,94.95991,94.95991,75.68131,75.68131,75.68131,97.34841,97.34841,97.34841
97,14.05803,13.68269,16.82186,2.79796,94.95991,94.95991,94.95991,75.68131,75.68131,75.68131,97.34841,97.34841,97.34841
98,14.05803,13.68269,16.82186,2.79796,94.95991,94.95991,94.95991,75.68131,75.68131,75.68131,97.34841,97.34841,97.34841
99,14.05803,13.68269,16.82186,2.79796,94.95991,94.95991,94.95991,75.68131,75.68131,75.68131,97.34841,97.34841,97.34841
100,14.05803,13.68269,16.82186,2.79796,94.95991,94.95991,94.95991,75.68131,75.68131,75.68131,97.34841,97.34841,97.34841
101,14.05803,13.68269,16.82186,2.79796,94.95991,94.95991,94.95991,75.68131,75.68131,75.68131,97.34841,97.34841,97.34841
102,14.05803,13.68269,16.82186,2.79796,94.95991,94.95991,94.95991,75.68131,75.68131,75.68131,97.34841,97.34841,97.34841
103,14.05803,13.68269,16.82186,2.79796,94.95991,94.95991,94.95991,75.68131,75.68131,75.68131,97.34841,97.34841,97.34841
104,14.05803,13.68269,16.82186,2.79796,94.95991,94.95991,94.95991,75.68131,75.68131,75.68131,97.34841,97.34841,97.34841
105,14.05803,13.68269,16.82186,2.79796,94.95991,94.95991,94.95991,75.68131,75.68131,75.68131,97.34841,97.34841,97.34841
106,14.05803,13.68269,16.82186,2.79796,94.95991,94.95991,94.95991,75.68131,75.68131,75.68131,97.34841,97.34841,97.34841
107,14.05803,13.68269,16.82186,2.79796,94.95991,94.95991,94.95991,75.68131,75.68131,75.68131,97.34841,97.34841,97.34841
108,14.05803,13.68269,16.82186,2.79796,94.95991,94.95991,94.95991,75.68131,75.68131,75.68131,97.34841,97.34841,97.34841
109,14.05803,13.68269,16.82186,2.79796,94.95991,94.95991,94.95991,75.68131,75.68131,75.68131,97.34841,97.34841,97.34841
110,14.05803,13.68269,16.82186,2.79796,94.95991,94.95991,94.95991,75.68131,75.68131,75.68131,97.34841,97.34841,97.34841
111,14.05803,13.68269,16.82186,2.79796,94.95991,94.95991,94.95991,75.68131,75.68131,75.68131,97.34841,97.34841,97.34841
112,14.05803,13.68269,16.82186,2.79796,94.95991,94.95991,94.95991,75.68131,75.68131,75.68131,97.34841,97.34841,97.34841
113,14.05803,13.68269,16.82186,2.79796,94.95991,94.95991,94.95991,75.68131,75.68131,75.68131,97.34841,97.34841,97.34841
114,14.05803,13.68269,16.82186,2.79796,94.95991,94.95991,94.95991,75.68131,75.68131,75.68131,97.34841,97.34841,97.34841
115,14.05803,13.68269,16.82186,2.79796,94.95991,94.95991,94.95991,75.68131,75.68131,75.68131,97.34841,97.34841,97.34841
116,14.05803,13.68269,16.82186,2.79796,94.95991,94.95991,94.95991,75.68131,75.68131,75.68131,97.34841,97.34841,97.34841
117,14.05803,13.68269,16.82186,2.79796,94.95991,94.95991,94.95991,75.68131,75.68131,75.68131,97.34841,97.34841,97.34841
118,14.05803,13.68269,16.82186,2.79796,94.95991,94.95991,94.95991,75.68131,75.68131,75.68131,97.34841,97.34841,97.34841
119,14.05803,13.68269,16.82186,2.79796,94.95991,94.95991,94.95991,75.68131,75.68131,75.68131,97.34841,97.34841,97.34841
120,14.05803,13.68269,16.82186,2.79796,94.95991,94.95991,94.95991,75.68131,75.68131,75.68131,97.34841,97.34841,97.34841
121,14.05803,13.68269,16.82186,2.79796,94.95991,94.95991,94.95991,75.68131,75.68131,75.68131,97.34841,97.34841,97.34841
122,14.05803,13.68269,16.82186,2.79796,94.95991,94.95991,94.95991,75.68131,75.68131,75.68131,97.34841,97.34841,97.34841
123,14.05803,13.68269,16.82186,2.79796,94.95991,94.95991,94.95991,75.68131,75.68131,75.68131,97.34841,97.34841,97.34841
124,14.05803,13.68269,16.82186,2.79796,94.95991,94.95991,94.95991,75.68131,75.68131,75.68131,97.34841,97.34841,97.34841
125,14.05803,13.68269,16.82186,2.79796,94.95991,94.95991,94.95991,75.68131,75.68131,75.68131,97.34841,97.34841,97.34841
126,14.05803,13.68269,16.82186,2.79796,94.95991,94.95991,94.95991,75.68131,75.68131,75.68131,97.34841,97.34841,97.34841
127,14.05803,13.68269,16.82186,2.79796,94.95991,94.95991,94.95991,75.68131,75.68131,75.68131,97.34841,97.34841,97.34841
128,14.05803,13.68269,16.82186,2.79796,94.95991,94.95991,94.95991,75.68131,75.68131,75.68131,97.34841,97.34841,97.34841
129,14.05803,13.68269,16.82186,2.79796,94.95991,94.95991,94.95991,75.68131,75.68131,75.68131,97.34841,97.34841,97.34841
130,14.05803,13.68269,16.82186,2.79796,94.95991,94.95991,94.95991,75.68131,75.68131,75.68131,97.34841,97.34841,97.34841
131,14.05803,13.68269,16.82186,2.79796,94.95991,94.95991,94.95991,75.68131,75.68131,75.68131,97.34841,97.34841,97.34841
132,14.05803,13.68269,16.82186,2.79796,94.95991,94.95991,94.95991,75.68131,75.68131,75.68131,97.34841,97.34841,97.34841
133,14.05803,13.68269,16.82186,2.79796,94.95991,94.95991,94.95991,75.68131,75.68131,75.68131,97.34841,97.34841,97.34841
134,14.05803,13.68269,16.82186,2.79796,94.95991,94.95991,94.95991,75.68131,75.68131,75.68131,97.34841,97.34841,97.34841
135,14.05803,13.68269,16.82186,2.79796,94.95991,94.95991,94.95991,75.68131,75.68131,75.68131,97.34841,97.34841,97.34841
136,14.05803,13.68269,16.82186,2.79796,94.95991,94.95991,94.95991,75.68131,75.68131,75.68131,97.34841,97.34841,97.34841
137,14.05803,13.68269,16.82186,2.79796,94.95991,94.95991,94.95991,75.68131,75.68131,75.68131,97.34841,97.34841,97.34841
138,14.05803,13.68269,16.82186,2.79796,94.95991,94.95991,94.95991,75.68131,75.68131,75.68131,97.34841,97.34841,97.34841
139,14.05803,13.68269,16.82186,2.79796,94.95991,94.95991,94.95991,75.68131,75.68131,75.68131,97.34841,97.34841,97.34841
140,14.05803,13.68269,16.82186,2.79796,94.95991,94.95991,94.95991,75.68131,75.68131,75.68131,97.34841,97.34841,97.34841
141,14.05803,13.68269,16.82186,2.79796,94.95991,94.95991,94.95991,75.68131,75.68131,75.68131,97.34841,97.34841,97.34841
142,14.05803,13.68269,16.82186,2.79796,94.95991,94.95991,94.95991,75.68131,75.68131,75.68131,97.34841,97.34841,97.34841
143,14.05803,13.68269,16.82186,2.79796,94.95991,94.95991,94.95991,75.68131,75.68131,75.68131,97.34841,97.34841,97.34841
144,14.05803,13.68269,16.82186,2.79796,94.95991,94.95991,94.95991,75.68131,75.68131,75.68131,97.34841,97.34841,97.34841
145,14.05803,13.68269,16.82186,2.79796,94.95991,94.95991,94.95991,75.68131,75.68131,75.68131,97.34841,97.34841,97.34841
146,14.05803,13.68269,16.82186,2.79796,94.95991,94.95991,94.95991,75.68131,75.68131,75.68131,97.34841,97.34841,97.34841
147,14.05803,13.68269,16.82186,2.79796,94.95991,94.95991,94.95991,75.68131,75.68131,75.68131,97.34841,97.34841,97.34841
148,14.05803,13.68269,16.82186,2.79796,94.95991,94.95991,94.95991,75.68131,75.68131,75.68131,97.34841,97.34841,97.34841
149,14.05803,13.68269,16.82186,2.79796,94.95991,94.95991,94.95991,75.68131,75.68131,75.68131,97.34841,97.34841,97.34841
150,14.05803,13.68269,16.82186,2.79796,94.95991,94.95991,94.95991,75.68131,75.68131,75.68131,97.34841,97.34841,97.34841
151,14.05803,13.68269,16.82186,2.79796,94.95991,94.95991,94.95991,75.68131,75.68131,75.68131,97.34841,97.34841,97.34841
152,14.05803,13.68269,16.82186,2.79796,94.95991,94.95991,94.95991,75.68131,75.68131,75.68131,97.34841,97.34841,97.34841
153,14.05803,13.68269,16.82186,2.79796,94.95991,94.95991,94.95991,75.68131,75.68131,75.68131,97.34841,97.34841,97.34841
154,14.05803,13.68269,16.82186,2.79796,94.95991,94.95991,94.95991,75.68131,75.68131,75.68131,97.34841,97.34841,97.34841
155,14.05803,13.68269,16.82186,2.79796,94.95991,94.95991,94.95991,75.68131,75.68131,75.68131,97.34841,97.34841,97.34841
156,14.05803,13.68269,16.82186,2.79796,94.95991,94.95991,94.95991,75.68131,75.68131,75.68131,97.34841,97.34841,97.34841
157,14.05803,13.68269,16.82186,2.79796,94.95991,94.95991,94.95991,75.68131,75.68131,75.68131,97.34841,97.34841,97.34841
158,14.05803,13.68269,16.82186,2.79796,94.95991,94.95991,94.95991,75.68131,75.68131,75.68131,97.34841,97.34841,97.34841
159,14.05803,13.68269,16.82186,2.79796,94.95991,94.95991,94.95991,75.68131,75.68131,75.68131,97.34841,97.34841,97.34841
160,14.05803,13.68269,16.82186,2.79796,94.95991,94.95991,94.95991,75.68131,75.68131,75.68131,97.34841,97.34841,97.34841
161,14.05803,13.68269,16.82186,2.79796,94.95991,94.95991,94.95991,75.68131,75.68131,75.68131,97.34841,97.34841,97.34841
162,14.05803,13.68269,16.82186,2.79796,94.95991,94.95991,94.95991,75.68131,75.68131,75.68131,97.34841,97.34841,97.34841
163,14.05803,13.68269,16.82186,2.79796,94.95991,94.95991,94.95991,75.68131,75.68131,75.68131,97.34841,97.34841,97.34841
164,14.05803,13.68269,16.82186,2.79796,94.95991,94.95991,94.95991,75.68131,75.68131,75.68131,97.34841,97.34841,97.34841
165,14.05803,13.68269,16.82186,2.79796,94.95991,94.95991,94.95991,75.68131,75.68131,75.68131,97.34841,97.34841,97.34841
166,14.05803,13.68269,16.82186,2.79796,94.95991,94.95991,94.95991,75.68131,75.68131,75.68131,97.34841,97.34841,97.34841
167,14.05803,13.68269,16.82186,2.79796,94.95991,94.95991,94.95991,75.68131,75.68131,75.68131,97.34841,97.34841,97.34841
168,14.05803,13.68269,16.82186,2.79796,94.95991,94.95991,94.95991,75.68131,75.68131,75.68131,97.34841,97.34841,97.34841
169,14.05803,13.68269,16.82186,2.79796,94.95991,94.95991,94.95991,75.68131,75.68131,75.68131,97.34841,97.34841,97.34841
170,14.05803,13.68269,16.82186,2.79796,94.95991,94.95991,94.95991,75.68131,75.68131,75.68131,97.34841,97.34841,97.34841
171,14.05803,13.68269,16.82186,2.79796,94.95991,94.95991,94.95991,75.68131,75.68131,75.68131,97.34841,97.34841,97.34841
172,14.05803,13.68269,16.82186,2.79796,94.95991,94.95991,94.95991,75.68131,75.68131,75.68131,97.34841,97.34841,97.34841
173,14.05803,13.68269,16.82186,2.79796,94.95991,94.95991,94.95991,75.68131,75.68131,75.68131,97.34841,97.34841,97.34841
174,14.05803,13.68269,16.82186,2.79796,94.95991,94.95991,94.95991,75.68131,75.68131,75.68131,97.34841,97.34841,97.34841
175,14.05803,13.68269,16.82186,2.79796,94.95991,94.95991,94.95991,75.68131,75.68131,75.68131,97.34841,97.34841,97.34841
176,14.05803,13.68269,16.82186,2.79796,94.95991,94.95991,94.95991,75.68131,75.68131,75.68131,97.34841,97.34841,97.34841
177,14.05803,13.68269,16.82186,2.79796,94.95991,94.95991,94.95991,75.68131,75.68131,75.68131,97.34841,97.34841,97.34841
178,14.05803,13.68269,16.82186,2.79796,94.95991,94.95991,94.95991,75.68131,75.68131,75.68131,97.34841,97.34841,97.34841
179,14.05803,13.68269,16.82186,2.79796,94.95991,94.95991,94.95991,75.68131,75.68131,75.68131,97.34841,97.34841,97.34841
180,14.05803,13.68269,16.82186,2.79796,94.95991,94.95991,94.95991,75.68131,75.68131,75.68131,97.34841,97.34841,97.34841
181,14.05803,13.68269,16.82186,2.79796,94.95991,94.95991,94.95991,75.68131,75.68131,75.68131,97.34841,97.34841,97.34841
182,14.05803,13.68269,16.82186,2.79796,94.95991,94.95991,94.95991,75.68131,75.68131,75.68131,97.34841,97.34841,97.34841
183,14.05803,13.68269,16.82186,2.79796,94.95991,94.95991,94.95991,75.68131,75.68131,75.68131,97.34841,97.34841,97.34841
184,14.05803,13.68269,16.82186,2.79796,94.95991,94.95991,94.95991,75.68131,75.68131,75.68131,97.34841,97.34841,97.34841
185,14.05803,13.68269,16.82186,2.79796,94.95991,94.95991,94.95991,75.68131,75.68131,75.68131,97.34841,97.34841,97.34841
186,14.05803,13.68269,16.82186,2.79796,94.95991,94.95991,94.95991,75.68131,75.68131,75.68131,97.34841,97.34841,97.34841
187,14.05803,13.68269,16.82186,2.79796,94.95991,94.95991,94.95991,75.68131,75.68131,75.68131,97.34841,97.34841,97.34841
188,14.05803,13.68269,16.82186,2.79796,94.95991,94.95991,94.95991,75.68131,75.68131,75.68131,97.34841,97.34841,97.34841
189,14.05803,13.68269,16.82186,2.79796,94.95991,94.95991,94.95991,75.68131,75.68131,75.68131,97.34841,97.34841,97.34841
190,14.05803,13.68269,16.82186,2.79796,94.95991,94.95991,94.95991,75.68131,75.68131,75.68131,97.34841,97.34841,97.34841
191,14.05803,13.68269,16.82186,2.79796,94.95991,94.95991,94.95991,75.68131,75.68131,75.68131,97.34841,97.34841,97.34841
192,14.05803,13.68269,16.82186,2.79796,94.95991,94.95991,94.95991,75.68131,75.68131,75.68131,97.34841,97.34841,97.34841
193,14.05803,13.68269,16.82186,2.79796,94.95991,94.95991,94.95991,75.68131,75.68131,75.68131,97.34841,97.34841,97.34841
194,14.05803,13.68269,16.82186,2.79796,94.95991,94.95991,94.95991,75.68131,75.68131,75.68131,97.34841,97.34841,97.34841
195,14.05803,13.68269,16.82186,2.79796,94.95991,94.95991,94.95991,75.68131,75.68131,75.68131,97.34841,97.34841,97.34841
196,14.05803,13.68269,16.82186,2.79796,94.95991,94.95991,94.95991,75.68131,75.68131,75.68131,97.34841,97.34841,97.34841
197,14.05803,13.68269,16.82186,2.79796,94.95991,94.95991,94.95991,75.68131,75.68131,75.68131,97.34841,97.34841,97.34841
198,14.05803,13.68269,16.82186,2.79796,94.95991,94.95991,94.95991,75.68131,75.68131,75.68131,97.34841,97.34841,97.34841
199,14.05803,13.68269,16.82186,2.79796,94.95991,94.95991,94.95991,75.68131,75.68131,75.68131,97.34841,97.34841,97.34841
200,14.05803,13.68269,16.82186,2.79796,94.95991,94.95991,94.95991,75.68131,75.68131,75.68131,97.34841,97.34841,97.34841
201,14.05803,13.68269,16.82186,2.79796,94.95991,94.95991,94.95991,75.68131,75.68131,75.68131,97.34841,97.34841,97.34841
202,14.05803,13.68269,16.82186,2.79796,94.95991,94.95991,94.95991,75.68131,75.68131,75.68131,97.34841,97.34841,97.34841
203,14.05803,13.68269,16.82186,2.79796,94.95991,94.95991,94.95991,75.68131,75.68131,75.68131,97.34841,97.34841,97.34841
204,14.05803,13.68269,16.82186,2.79796,94.95991,94.95991,94.95991,75.68131,75.68131,75.68131,97.34841,97.34841,97.34841
205,14.05803,13.68269,16.82186,2.79796,94.95991,94.95991,94.95991,75.68131,75.68131,75.68131,97.34841,97.34841,97.34841
206,14.05803,13.68269,16.82186,2.79796,94.95991,94.95991,94.95991,75.68131,75.68131,75.68131,97.34841,97.34841,97.34841
207,14.05803,13.68269,16.82186,2.79796,94.95991,94.95991,94.95991,75.68131,75.68131,75.68131,97.34841,97.34841,97.34841
208,14.05803,13.68269,16.82186,2.79796,94.95991,94.95991,94.95991,75.68131,75.68131,75.68131,97.34841,97.34841,97.34841
209,14.05803,13.68269,16.82186,2.79796,94.95991,94.95991,94.95991,75.68131,75.68131,75.68131,97.34841,97.34841,97.34841
210,14.05803,13.68269,16.82186,2.79796,94.95991,94.95991,94.95991,75.68131,75.68131,75.68131,97.34841,97.34841,97.34841
211,14.05803,13.68269,16.82186,2.79796,94.95991,94.95991,94.95991,75.68131,75.68131,75.68131,97.34841,97.34841,97.34841
212,14.05803,13.68269,16.82186,2.79796,94.95991,94.95991,94.95991,75.68131,75.68131,75.68131,97.34841,97.34841,97.34841
213,14.05803,13.68269,16.82186,2.79796,94.95991,94.95991,94.95991,75.68131,75.68131,75.68131,97.34841,97.34841,97.34841
214,14.05803,13.68269,16.82186,2.79796,94.95991,94.95991,94.95991,75.68131,75.68131,75.68131,97.34841,97.34841,97.34841
215,14.05803,13.68269,16.82186,2.79796,94.95991,94.95991,94.95991,75.68131,75.68131,75.68131,97.34841,97.34841,97.34841
216,14.05803,13.68269,16.82186,2.79796,94.95991,94.95991,94.95991,75.68131,75.68131,75.68131,97.34841,97.34841,97.34841
217,14.05803,13.68269,16.82186,2.79796,94.95991,94.95991,94.95991,75.68131,75.68131,75.68131,97.34841,97.34841,97.34841
218,14.05803,13.68269,16.82186,2.79796,94.95991,94.95991,94.95991,75.68131,75.68131,75.68131,97.34841,97.34841,97.34841
219,14.05803,13.68269,16.82186,2.79796,94.95991,94.95991,94.95991,75.68131,75.68131,75.68131,97.34841,97.34841,97.34841
220,14.05803,13.68269,16.82186,2.79796,94.95991,94.95991,94.95991,75.68131,75.68131,75.68131,97.34841,97.34841,97.34841
221,14.05803,13.68269,16.82186,2.79796,94.95991,94.95991,94.95991,75.68131,75.68131,75.68131,97.34841,97.34841,97.34841
222,14.05803,13.68269,16.82186,2.79796,94.95991,94.95991,94.95991,75.68131,75.68131,75.68131,97.34841,97.34841,97.34841
223,14.05803,13.68269,16.82186,2.79796,94.95991,94.95991,94.95991,75.68131,75.68131,75.68131,97.34841,97.34841,97.34841
224,14.05803,13.68269,16.82186,2.79796,94.95991,94.95991,94.95991,75.68131,75.68131,75.68131,97.34841,97.34841,97.34841
225,14.05803,13.68269,16.82186,2.79796,94.95991,94.95991,94.95991,75.68131,75.68131,75.68131,97.34841,97.34841,97.34841
226,14.05803,13.68269,16.82186,2.79796,94.95991,94.95991,94.95991,75.68131,75.68131,75.68131,97.34841,97.34841,97.34841
227,14.05803,13.68269,16.82186,2.79796,94.95991,94.95991,94.95991,75.68131,75.68131,75.68131,97.34841,97.34841,97.34841
228,14.05803,13.68269,16.82186,2.79796,94.95991,94.95991,94.95991,75.68131,75.68131,75.68131,97.34841,97.34841,97.34841
229,14.05803,13.68269,16.82186,2.79796,94.95991,94.95991,94.95991,75.68131,75.68131,75.68131,97.34841,97.34841,97.34841
230,14.05803,13.68269,16.82186,2.79796,94.95991,94.95991,94.95991,75.68131,75.68131,75.68131,97.34841,97.34841,97.34841
231,14.05803,13.68269,16.82186,2.79796,94.95991,94.95991,94.95991,75.68131,75.68131,75.68131,97.34841,97.34841,97.34841
232,14.05803,13.68269,16.82186,2.79796,94.95991,94.95991,94.95991,75.68131,75.68131,75.68131,97.34841,97.34841,97.34841
233,14.05803,13.68269,16.82186,2.79796,94.95991,94.95991,94.95991,75.68131,75.68131,75.68131,97.34841,97.34841,97.34841
234,14.05803,13.68269,16.82186,2.79796,94.95991,94.95991,94.95991,75.68131,75.68131,75.68131,97.34841,97.34841,97.34841
235,14.05803,13.68269,16.82186,2.79796,94.95991,94.95991,94.95991,75.68131,75.68131,75.68131,97.34841,97.34841,97.34841
236,14.05803,13.68269,16.82186,2.79796,94.95991,94.95991,94.95991,75.68131,75.68131,75.68131,97.34841,97.34841,97.34841
237,14.05803,13.68269,16.82186,2.79796,94.95991,94.95991,94.95991,75.68131,75.68131,75.68131,97.34841,97.34841,97.34841
238,14.05803,13.68269,16.82186,2.79796,94.95991,94.95991,94.95991,75.68131,75.68131,75.68131,97.34841,97.34841,97.34841
239,14.05803,13.68269,16.82186,2.79796,94.95991,94.95991,94.95991,75.68131,75.68131,75.68131,97.34841,97.34841,97.34841
240,14.05803,13.68269,16.82186,2.79796,94.95991,94.95991,94.95991,75.68131,75.68131,75.68131,97.34841,97.34841,97.34841
241,14.05803,13.68269,16.82186,2.79796,94.95991,94.95991,94.95991,75.68131,75.68131,75.68131,97.34841,97.34841,97.34841
242,14.05803,13.68269,16.82186,2.79796,94.95991,94.95991,94.95991,75.68131,75.68131,75.68131,97.34841,97.34841,97.34841
243,14.05803,13.68269,16.82186,2.79796,94.95991,94.95991,94.95991,75.68131,75.68131,75.68131,97.34841,97.34841,97.34841
244,14.05803,13.68269,16.82186,2.79796,94.95991,94.95991,94.95991,75.68131,75.68131,75.68131,97.34841,97.34841,97.34841
245,14.05803,13.68269,16.82186,2.79796,94.95991,94.95991,94.95991,75.68131,75.68131,75.68131,97.34841,97.34841,97.34841
246,14.05803,13.68269,16.82186,2.79796,94.95991,94.95991,94.95991,75.68131,75.68131,75.68131,97.34841,97.34841,97.34841
247,14.05803,13.68269,16.82186,2.79796,94.95991,94.95991,94.95991,75.68131,75.68131,75.68131,97.34841,97.34841,97.34841
248,14.05803,13.68269,16.82186,2.79796,94.95991,94.95991,94.95991,75.68131,75.68131,75.68131,97.34841,97.34841,97.34841
249,14.05803,13.68269,16.82186,2.79796,94.95991,94.95991,94.95991,75.68131,75.68131,75.68131,97.34841,97.34841,97.34841
250,14.05803,13.68269,16.82186,2.79796,94.95991,94.95991,94.95991,75.68131,75.68131,75.68131,97.34841,97.34841,97.34841
251,14.05803,13.68269,16.82186,2.79796,94.95991,94.95991,94.95991,75.68131,75.68131,75.68131,97.34841,97.34841,97.34841
252,14.05803,13.68269,16.82186,2.79796,94.95991,94.95991,94.95991,75.68131,75.68131,75.68131,97.34841,97.34841,97.34841
253,14.05803,13.68269,16.82186,2.79796,94.95991,94.95991,94.95991,75.68131,75.68131,75.68131,97.34841,97.34841,97.34841
254,14.05803,13.68269,16.82186,2.79796,94.95991,94.95991,94.95991,75.68131,75.68131,75.68131,97.34841,97.34841,97.34841
255,14.05803,13.68269,16.82186,2.79796,94.95991,94.95991,94.95991,75.68131,75.68131,75.68131,97.34841,97.34841,97.34841
256,14.05803,13.68269,16.82186,2.79796,94.95991,94.95991,94.95991,75.68131,75.68131,75.68131,97.34841,97.34841,97.34841
257,14.05803,13.68269,16.82186,2.79796,94.95991,94.95991,94.95991,75.68131,75.68131,75.68131,97.34841,97.34841,97.34841
258,14.05803,13.68269,16.82186,2.79796,94.95991,94.95991,94.95991,75.68131,75.68131,75.68131,97.34841,97.34841,97.34841
259,14.05803,13.68269,16.82186,2.79796,94.95991,94.95991,94.95991,75.68131,75.68131,75.68131,97.34841,97.34841,97.34841
260,14.05803,13.68269,16.82186,2.79796,94.95991,94.95991,94.95991,75.68131,75.68131,75.68131,97.34841,97.34841,97.34841
261,14.05803,13.68269,16.82186,2.79796,94.95991,94.95991,94.95991,75.68131,75.68131,75.68131,97.34841,97.34841,97.34841
262,14.05803,13.68269,16.82186,2.79796,94.95991,94.95991,94.95991,75.68131,75.68131,75.68131,97.34841,97.34841,97.34841
263,14.05803,13.68269,16.82186,2.79796,94.95991,94.95991,94.95991,75.68131,75.68131,75.68131,97.34841,97.34841,97.34841
264,14.05803,13.68269,16.82186,2.79796,94.95991,94.95991,94.95991,75.68131,75.68131,75.68131,97.34841,97.34841,97.34841
265,14.05803,13.68269,16.82186,2.79796,94.95991,94.95991,94.95991,75.68131,75.68131,75.68131,97.34841,97.34841,97.34841
266,14.05803,13.68269,16.82186,2.79796,94.95991,94.95991,94.95991,75.68131,75.68131,75.68131,97.34841,97.34841,97.34841
267,14.05803,13.68269,16.82186,2.79796,94.95991,94.95991,94.95991,75.68131,75.68131,75.68131,97.34841,97.34841,97.34841
268,14.05803,13.68269,16.82186,2.79796,94.95991,94.95991,94.95991,75.68131,75.68131,75.68131,97.34841,97.34841,97.34841
269,14.05803,13.68269,16.82186,2.79796,94.95991,94.95991,94.95991,75.68131,75.68131,75.68131,97.34841,97.34841,97.34841
270,14.05803,13.68269,16.82186,2.79796,94.95991,94.95991,94.95991,75.68131,75.68131,75.68131,97.34841,97.34841,97.34841
271,14.05803,13.68269,16.82186,2.79796,94.95991,94.95991,94.95991,75.68131,75.68131,75.68131,97.34841,97.34841,97.34841
272,14.05803,13.68269,16.82186,2.79796,94.95991,94.95991,94.95991,75.68131,75.68131,75.68131,97.34841,97.34841,97.34841
273,14.05803,13.68269,16.82186,2.79796,94.95991,94.95991,94.95991,75.68131,75.68131,75.68131,97.34841,97.34841,97.34841
274,14.05803,13.68269,16.82186,2.79796,94.95991,94.95991,94.95991,75.68131,75.68131,75.68131,97.34841,97.34841,97.34841
275,14.05803,13.68269,16.82186,2.79796,94.95991,94.95991,94.95991,75.68131,75.68131,75.68131,97.34841,97.34841,97.34841
276,14.05803,13.68269,16.82186,2.79796,94.95991,94.95991,94.95991,75.68131,75.68131,75.68131,97.34841,97.34841,97.34841
277,14.05803,13.68269,16.82186,2.79796,94.95991,94.95991,94.95991,75.68131,75.68131,75.68131,97.34841,97.34841,97.34841
278,14.05803,13.68269,16.82186,2.79796,94.95991,94.95991,94.95991,75.68131,75.68131,75.68131,97.34841,97.34841,97.34841
279,14.05803,13.68269,16.82186,2.79796,94.95991,94.95991,94.95991,75.68131,75.68131,75.68131,97.34841,97.34841,97.34841
280,14.05803,13.68269,16.82186,2.79796,94.95991,94.95991,94.95991,75.68131,75.68131,75.68131,97.34841,97.34841,97.34841
281,14.05803,13.68269,16.82186,2.79796,94.95991,94.95991,94.95991,75.68131,75.68131,75.68131,97.34841,97.34841,97.34841
282,14.05803,13.68269,16.82186,2.79796,94.95991,94.95991,94.95991,75.68131,75.68131,75.68131,97.34841,97.34841,97.34841
283,14.05803,13.68269,16.82186,2.79796,94.95991,94.95991,94.95991,75.68131,75.68131,75.68131,97.34841,97.34841,97.34841
284,14.05803,13.68269,16.82186,2.79796,94.95991,94.95991,94.95991,75.68131,75.68131,75.68131,97.34841,97.34841,97.34841
285,14.05803,13.68269,16.82186,2.79796,94.95991,94.95991,94.95991,75.68131,75.68131,75.68131,97.34841,97.34841,97.34841
286,14.05803,13.68269,16.82186,2.79796,94.95991,94.95991,94.95991,75.68131,75.68131,75.68131,97.34841,97.34841,97.34841
287,14.05803,13.68269,16.82186,2.79796,94.95991,94.95991,94.95991,75.68131,75.68131,75.68131,97.34841,97.34841,97.34841
288,14.05803,13.68269,16.82186,2.79796,94.95991,94.95991,94.95991,75.68131,75.68131,75.68131,97.34841,97.34841,97.34841
289,14.05803,13.68269,16.82186,2.79796,94.95991,94.95991,94.95991,75.68131,75.68131,75.68131,97.34841,97.34841,97.34841
290,14.05803,13.68269,16.82186,2.79796,94.95991,94.95991,94.95991,75.68131,75.68131,75.68131,97.34841,97.34841,97.34841
291,14.05803,13.68269,16.82186,2.79796,94.95991,94.95991,94.95991,75.68131,75.68131,75.68131,97.34841,97.34841,97.34841
292,14.05803,13.68269,16.82186,2.79796,94.95991,94.95991,94.95991,75.68131,75.68131,75.68131,97.34841,97.34841,97.34841
293,14.05803,13.68269,16.82186,2.79796,94.95991,94.95991,94.95991,75.68131,75.68131,75.68131,97.34841,97.34841,97.34841
294,14.05803,13.68269,16.82186,2.79796,94.95991,94.95991,94.95991,75.68131,75.68131,75.68131,97.34841,97.34841,97.34841
295,14.05803,13.68269,16.82186,2.79796,94.95991,94.95991,94.95991,75.68131,75.68131,75.68131,97.34841,97.34841,97.34841
296,14.05803,13.68269,16.82186,2.79796,94.95991,94.95991,94.95991,75.68131,75.68131,75.68131,97.34841,97.34841,97.34841
297,14.05803,13.68269,16.82186,2.79796,94.95991,94.95991,94.95991,75.68131,75.68131,75.68131,97.34841,97.34841,97.34841
298,14.05803,13.68269,16.82186,2.79796,94.95991,94.95991,94.95991,75.68131,75.68131,75.68131,97.34841,97.34841,97.34841
299,14.05803,13.68269,16.82186,2.79796,94.95991,94.95991,94.95991,75.68131,75.68131,75.68131,97.34841,97.34841,97.34841
300,14.05803,13.68269,16.82186,2.79796,94.95991,94.95991,94.95991,75.68131,75.68131,75.68131,97.34841,97.34841,97.34841
301,14.05803,13.68269,16.82186,2.79796,94.95991,94.95991,94.95991,75.68131,75.68131,75.68131,97.34841,97.34841,97.34841
302,14.05803,13.68269,16.82186,2.79796,94.95991,94.95991,94.95991,75.68131,75.68131,75.68131,97.34841,97.34841,97.34841
303,14.05803,13.68269,16.82186,2.79796,94.95991,94.95991,94.95991,75.68131,75.68131,75.68131,97.34841,97.34841,97.34841
304,14.05803,13.68269,16.82186,2.79796,94.95991,94.95991,94.95991,75.68131,75.68131,75.68131,97.34841,97.34841,97.34841
305,14.05803,13.68269,16.82186,2.79796,94.95991,94.95991,94.95991,75.68131,75.68131,75.68131,97.34841,97.34841,97.34841
306,14.05803,13.68269,16.82186,2.79796,94.95991,94.95991,94.95991,75.68131,75.68131,75.68131,97.34841,97.34841,97.34841
307,14.05803,13.68269,16.82186,2.79796,94.95991,94.95991,94.95991,75.68131,75.68131,75.68131,97.34841,97.34841,97.34841
308,14.05803,13.68269,16.82186,2.79796,94.95991,94.95991,94.95991,75.68131,75.68131,75.68131,97.34841,97.34841,97.34841
309,14.05803,13.68269,16.82186,2.79796,94.95991,94.95991,94.95991,75.68131,75.68131,75.68131,97.34841,97.34841,97.34841
310,14.05803,13.68269,16.82186,2.79796,94.95991,94.95991,94.95991,75.68131,75.68131,75.68131,97.34841,97.34841,97.34841
311,14.05803,13.68269,16.82186,2.79796,94.95991,94.95991,94.95991,75.68131,75.68131,75.68131,97.34841,97.34841,97.34841
312,14.05803,13.68269,16.82186,2.79796,94.95991,94.95991,94.95991,75.68131,75.68131,75.68131,97.34841,97.34841,97.34841
313,14.05803,13.68269,16.82186,2.79796,94.95991,94.95991,94.95991,75.68131,75.68131,75.68131,97.34841,97.34841,97.34841
314,14.05803,13.68269,16.82186,2.79796,94.95991,94.95991,94.95991,75.68131,75.68131,75.68131,97.34841,97.34841,97.34841
315,14.05803,13.68269,16.82186,2.79796,94.95991,94.95991,94.95991,75.68131,75.68131,75.68131,97.34841,97.34841,97.34841
316,14.05803,13.68269,16.82186,2.79796,94.95991,94.95991,94.95991,75.68131,75.68131,75.68131,97.34841,97.34841,97.34841
317,14.05803,13.68269,16.82186,2.79796,94.95991,94.95991,94.95991,75.68131,75.68131,75.68131,97.34841,97.34841,97.34841
318,14.05803,13.68269,16.82186,2.79796,94.95991,94.95991,94.95991,75.68131,75.68131,75.68131,97.34841,97.34841,97.34841
319,14.05803,13.68269,16.82186,2.79796,94.95991,94.95991,94.95991,75.68131,75.68131,75.68131,97.34841,97.34841,97.34841
320,14.05803,13.68269,16.82186,2.79796,94.95991,94.95991,94.95991,75.68131,75.68131,75.68131,97.34841,97.34841,97.34841
321,14.05803,13.68269,16.82186,2.79796,94.95991,94.95991,94.95991,75.68131,75.68131,75.68131,97.34841,97.34841,97.34841
322,14.05803,13.68269,16.82186,2.79796,94.95991,94.95991,94.95991,75.68131,75.68131,75.68131,97.34841,97.34841,97.34841
323,14.05803,13.68269,16.82186,2.79796,94.95991,94.95991,94.95991,75.68131,75.68131,75.68131,97.34841,97.34841,97.34841
324,14.05803,13.68269,16.82186,2.79796,94.95991,94.95991,94.95991,75.68131,75.68131,75.68131,97.34841,97.34841,97.34841
325,14.05803,13.68269,16.82186,2.79796,94.95991,94.95991,94.95991,75.68131,75.68131,75.68131,97.34841,97.34841,97.34841
326,14.05803,13.68269,16.82186,2.79796,94.95991,94.95991,94.95991,75.68131,75.68131,75.68131,97.34841,97.34841,97.34841
327,14.05803,13.68269,16.82186,2.79796,94.95991,94.95991,94.95991,75.68131,75.68131,75.68131,97.34841,97.34841,97.34841
328,14.05803,13.68269,16.82186,2.79796,94.95991,94.95991,94.95991,75.68131,75.68131,75.68131,97.34841,97.34841,97.34841
329,14.05803,13.68269,16.82186,2.79796,94.95991,94.95991,94.95991,75.68131,75.68131,75.68131,97.34841,97.34841,97.34841
330,14.05803,13.68269,16.82186,2.79796,94.95991,94.95991,94.95991,75.68131,75.68131,75.68131,97.34841,97.34841,97.34841
331,14.05803,13.68269,16.82186,2.79796,94.95991,94.95991,94.95991,75.68131,75.68131,75.68131,97.34841,97.34841,97.34841
332,14.05803,13.68269,16.82186,2.79796,94.95991,94.95991,94.95991,75.68131,75.68131,75.68131,97.34841,97.34841,97.34841
333,14.05803,13.68269,16.82186,2.79796,94.95991,94.95991,94.95991,75.68131,75.68131,75.68131,97.34841,97.34841,97.34841
334,14.05803,13.68269,16.82186,2.79796,94.95991,94.95991,94.95991,75.68131,75.68131,75.68131,97.34841,97.34841,97.34841
335,14.05803,13.68269,16.82186,2.79796,94.95991,94.95991,94.95991,75.68131,75.68131,75.68131,97.34841,97.34841,97.34841
336,14.05803,13.68269,16.82186,2.79796,94.95991,94.95991,94.95991,75.68131,75.68131,75.68131,97.34841,97.34841,97.34841
337,14.05803,13.68269,16.82186,2.79796,94.95991,94.95991,94.95991,75.68131,75.68131,75.68131,97.34841,97.34841,97.34841
338,14.05803,13.68269,16.82186,2.79796,94.95991,94.95991,94.95991,75.68131,75.68131,75.68131,97.34841,97.34841,97.34841
339,14.05803,13.68269,16.82186,2.79796,94.95991,94.95991,94.95991,75.68131,75.68131,75.68131,97.34841,97.34841,97.34841
340,14.05803,13.68269,16.82186,2.79796,94.95991,94.95991,94.95991,75.68131,75.68131,75.68131,97.34841,97.34841,97.34841
341,14.05803,13.68269,16.82186,2.79796,94.95991,94.95991,94.95991,75.68131,75.68131,75.68131,97.34841,97.34841,97.34841
342,14.05803,13.68269,16.82186,2.79796,94.95991,94.95991,94.95991,75.68131,75.68131,75.68131,97.34841,97.34841,97.34841
343,14.05803,13.68269,16.82186,2.79796,94.95991,94.95991,94.95991,75.68131,75.68131,75.68131,97.34841,97.34841,97.34841
344,14.05803,13.68269,16.82186,2.79796,94.95991,94.95991,94.95991,75.68131,75.68131,75.68131,97.34841,97.34841,97.34841
345,14.05803,13.68269,16.82186,2.79796,94.95991,94.95991,94.95991,75.68131,75.68131,75.68131,97.34841,97.34841,97.34841
346,14.05803,13.68269,16.82186,2.79796,94.95991,94.95991,94.95991,75.68131,75.68131,75.68131,97.34841,97.34841,97.34841
347,14.05803,13.68269,16.82186,2.79796,94.95991,94.95991,94.95991,75.68131,75.68131,75.68131,97.34841,97.34841,97.34841
348,14.05803,13.68269,16.82186,2.79796,94.95991,94.95991,94.95991,75.68131,75.68131,75.68131,97.34841,97.34841,97.34841
349,14.05803,13.68269,16.82186,2.79796,94.95991,94.95991,94.95991,75.68131,75.68131,75.68131,97.34841,97.34841,97.34841
350,14.05803,13.68269,16.82186,2.79796,94.95991,94.95991,94.95991,75.68131,75.68131,75.68131,97.34841,97.34841,97.34841
351,14.05803,13.68269,16.82186,2.79796,94.95991,94.95991,94.95991,75.68131,75.68131,75.68131,97.34841,97.34841,97.34841
352,14.05803,13.68269,16.82186,2.79796,94.95991,94.95991,94.95991,75.68131,75.68131,75.68131,97.34841,97.34841,97.34841
353,14.05803,13.68269,16.82186,2.79796,94.95991,94.95991,94.95991,75.68131,75.68131,75.68131,97.34841,97.34841,97.34841
354,14.05803,13.68269,16.82186,2.79796,94.95991,94.95991,94.95991,75.68131,75.68131,75.68131,97.34841,97.34841,97.34841
355,14.05803,13.68269,16.82186,2.79796,94.95991,94.95991,94.95991,75.68131,75.68131,75.68131,97.34841,97.34841,97.34841
356,14.05803,13.68269,16.82186,2.79796,94.95991,94.95991,94.95991,75.68131,75.68131,75.68131,97.34841,97.34841,97.34841
357,14.05803,13.68269,16.82186,2.79796,94.95991,94.95991,94.95991,75.68131,75.68131,75.68131,97.34841,97.34841,97.34841
358,14.05803,13.68269,16.82186,2.79796,94.95991,94.95991,94.95991,75.68131,75.68131,75.68131,97.34841,97.34841,97.34841
359,14.05803,13.68269,16.82186,2.79796,94.95991,94.95991,94.95991,75.68131,75.68131,75.68131,97.34841,97.34841,97.34841
360,14.05803,13.68269,16.82186,2.79796,94.95991,94.95991,94.95991,75.68131,75.68131,75.68131,97.34841,97.34841,97.34841
361,14.05803,13.68269,16.82186,2.79796,94.95991,94.95991,94.95991,75.68131,75.68131,75.68131,97.34841,97.34841,97.34841
362,14.05803,13.68269,16.82186,2.79796,94.95991,94.95991,94.95991,75.68131,75.68131,75.68131,97.34841,97.34841,97.34841
363,14.05803,13.68269,16.82186,2.79796,94.95991,94.95991,94.95991,75.68131,75.68131,75.68131,97.34841,97.34841,97.34841
364,14.05803,13.68269,16.82186,2.79796,94.95991,94.95991,94.95991,75.68131,75.68131,75.68131,97.34841,97.34841,97.34841
365,14.05803,13.68269,16.82186,2.79796,94.95991,94.95991,94.95991,75.68131,75.68131,75.68131,97.34841,97.34841,97.34841
366,14.05803,13.68269,16.82186,2.79796,94.95991,94.95991,94.95991,75.68131,75.68131,75.68131,97.34841,97.34841,97.34841
367,14.05803,13.68269,16.82186,2.79796,94.95991,94.95991,94.95991,75.68131,75.68131,75.68131,97.34841,97.34841,97.34841
368,14.05803,13.68269,16.82186,2.79796,94.95991,94.95991,94.95991,75.68131,75.68131,75.68131,97.34841,97.34841,97.34841
369,14.05803,13.68269,16.82186,2.79796,94.95991,94.95991,94.95991,75.68131,75.68131,75.68131,97.34841,97.34841,97.34841
370,14.05803,13.68269,16.82186,2.79796,94.95991,94.95991,94.95991,75.68131,75.68131,75.68131,97.34841,97.34841,97.34841
371,14.05803,13.68269,16.82186,2.79796,94.95991,94.95991,94.95991,75.68131,75.68131,75.68131,97.34841,97.34841,97.34841
372,14.05803,13.68269,16.82186,2.79796,94.95991,94.95991,94.95991,75.68131,75.68131,75.68131,97.34841,97.34841,97.34841
373,14.05803,13.68269,16.82186,2.79796,94.95991,94.95991,94.95991,75.68131,75.68131,75.68131,97.34841,97.34841,97.34841
374,14.05803,13.68269,16.82186,2.79796,94.95991,94.95991,94.95991,75.68131,75.68131,75.68131,97.34841,97.34841,97.34841
375,14.05803,13.68269,16.82186,2.79796,94.95991,94.95991,94.95991,75.68131,75.68131,75.68131,97.34841,97.34841,97.34841
376,14.05803,13.68269,16.82186,2.79796,94.95991,94.95991,94.95991,75.68131,75.68131,75.68131,97.34841,97.34841,97.34841
377,14.05803,13.68269,16.82186,2.79796,94.95991,94.95991,94.95991,75.68131,75.68131,75.68131,97.34841,97.34841,97.34841
378,14.05803,13.68269,16.82186,2.79796,94.95991,94.95991,94.95991,75.68131,75.68131,75.68131,97.34841,97.34841,97.34841
379,14.05803,13.68269,16.82186,2.79796,94.95991,94.95991,94.95991,75.68131,75.68131,75.68131,97.34841,97.34841,97.34841
380,14.05803,13.68269,16.82186,2.79796,94.95991,94.95991,94.95991,75.68131,75.68131,75.68131,97.34841,97.34841,97.34841
381,14.05803,13.68269,16.82186,2.79796,94.95991,94.95991,94.95991,75.68131,75.68131,75.68131,97.34841,97.34841,97.34841
382,14.05803,13.68269,16.82186,2.79796,94.95991,94.95991,94.95991,75.68131,75.68131,75.68131,97.34841,97.34841,97.34841
383,14.05803,13.68269,16.82186,2.79796,94.95991,94.95991,94.95991,75.68131,75.68131,75.68131,97.34841,97.34841,97.34841
384,14.05803,13.68269,16.82186,2.79796,94.95991,94.95991,94.95991,75.68131,75.68131,75.68131,97.34841,97.34841,97.34841
385,14.05803,13.68269,16.82186,2.79796,94.95991,94.95991,94.95991,75.68131,75.68131,75.68131,97.34841,97.34841,97.34841
386,14.05803,13.68269,16.82186,2.79796,94.95991,94.95991,94.95991,75.68131,75.68131,75.68131,97.34841,97.34841,97.34841
387,14.05803,13.68269,16.82186,2.79796,94.95991,94.95991,94.95991,75.68131,75.68131,75.68131,97.34841,97.34841,97.34841
388,14.05803,13.68269,16.82186,2.79796,94.95991,94.95991,94.95991,75.68131,75.68131,75.68131,97.34841,97.34841,97.34841
389,14.05803,13.68269,16.82186,2.79796,94.95991,94.95991,94.95991,75.68131,75.68131,75.68131,97.34841,97.34841,97.34841
390,14.05803,13.68269,16.82186,2.79796,94.95991,94.95991,94.95991,75.68131,75.68131,75.68131,97.34841,97.34841,97.34841
391,14.05803,13.68269,16.82186,2.79796,94.95991,94.95991,94.95991,75.68131,75.68131,75.68131,97.34841,97.34841,97.34841
392,14.05803,13.68269,16.82186,2.79796,94.95991,94.95991,94.95991,75.68131,75.68131,75.68131,97.34841,97.34841,97.34841
393,14.05803,13.68269,16.82186,2.79796,94.95991,94.95991,94.95991,75.68131,75.68131,75.68131,97.34841,97.34841,97.34841
394,14.05803,13.68269,16.82186,2.79796,94.95991,94.95991,94.95991,75.68131,75.68131,75.68131,97.34841,97.34841,97.34841
395,14.05803,13.68269,16.82186,2.79796,94.95991,94.95991,94.95991,75.68131,75.68131,75.68131,97.34841,97.34841,97.34841
396,14.05803,13.68269,16.82186,2.79796,94.95991,94.95991,94.95991,75.68131,75.68131,75.68131,97.34841,97.34841,97.34841
397,14.05803,13.68269,16.82186,2.79796,94.95991,94.95991,94.95991,75.68131,75.68131,75.68131,97.34841,97.34841,97.34841
398,14.05803,13.68269,16.82186,2.79796,94.95991,94.95991,94.95991,75.68131,75.68131,75.68131,97.34841,97.34841,97.34841
399,14.05803,13.68269,16.82186,2.79796,94.95991,94.95991,94.95991,75.68131,75.68131,75.68131,97.34841,97.34841,97.34841
400,14.05803,13.68269,16.82186,2.79796,94.95991,94.95991,94.95991,75.68131,75.68131,75.68131,97.34841,97.34841,97.34841
401,14.05803,13.68269,16.82186,2.79796,94.95991,94.95991,94.95991,75.68131,75.68131,75.68131,97.34841,97.34841,97.34841
402,14.05803,13.68269,16.82186,2.79796,94.95991,94.95991,94.95991,75.68131,75.68131,75.68131,97.34841,97.34841,97.34841
403,14.05803,13.68269,16.82186,2.79796,94.95991,94.95991,94.95991,75.68131,75.68131,75.68131,97.34841,97.34841,97.34841
404,14.05803,13.68269,16.82186,2.79796,94.95991,94.95991,94.95991,75.68131,75.68131,75.68131,97.34841,97.34841,97.34841
405,14.05803,13.68269,16.82186,2.79796,94.95991,94.95991,94.95991,75.68131,75.68131,75.68131,97.34841,97.34841,97.34841
406,14.05803,13.68269,16.82186,2.79796,94.95991,94.95991,94.95991,75.68131,75.68131,75.68131,97.34841,97.34841,97.34841
407,14.05803,13.68269,16.82186,2.79796,94.95991,94.95991,94.95991,75.68131,75.68131,75.68131,97.34841,97.34841,97.34841
408,14.05803,13.68269,16.82186,2.79796,94.95991,94.95991,94.95991,75.68131,75.68131,75.68131,97.34841,97.34841,97.34841
409,14.05803,13.68269,16.82186,2.79796,94.95991,94.95991,94.95991,75.68131,75.68131,75.68131,97.34841,97.34841,97.34841
410,14.05803,13.68269,16.82186,2.79796,94.95991,94.95991,94.95991,75.68131,75.68131,75.68131,97.34841,97.34841,97.34841
411,14.05803,13.68269,16.82186,2.79796,94.95991,94.95991,94.95991,75.68131,75.68131,75.68131,97.34841,97.34841,97.34841
412,14.05803,13.68269,16.82186,2.79796,94.95991,94.95991,94.95991,75.68131,75.68131,75.68131,97.34841,97.34841,97.34841
413,14.05803,13.68269,16.82186,2.79796,94.95991,94.95991,94.95991,75.68131,75.68131,75.68131,97.34841,97.34841,97.34841
414,14.05803,13.68269,16.82186,2.79796,94.95991,94.95991,94.95991,75.68131,75.68131,75.68131,97.34841,97.34841,97.34841
415,14.05803,13.68269,16.82186,2.79796,94.95991,94.95991,94.95991,75.68131,75.68131,75.68131,97.34841,97.34841,97.34841
416,14.05803,13.68269,16.82186,2.79796,94.95991,94.95991,94.95991,75.68131,75.68131,75.68131,97.34841,97.34841,97.34841
417,14.05803,13.68269,16.82186,2.79796,94.95991,94.95991,94.95991,75.68131,75.68131,75.68131,97.34841,97.34841,97.34841
418,14.05803,13.68269,16.82186,2.79796,94.95991,94.95991,94.95991,75.68131,75.68131,75.68131,97.34841,97.34841,97.34841
419,14.05803,13.68269,16.82186,2.79796,94.95991,94.95991,94.95991,75.68131,75.68131,75.68131,97.34841,97.34841,97.34841
420,14.05803,13.68269,16.82186,2.79796,94.95991,94.95991,94.95991,75.68131,75.68131,75.68131,97.34841,97.34841,97.34841
421,14.05803,13.68269,16.82186,2.79796,94.95991,94.95991,94.95991,75.68131,75.68131,75.68131,97.34841,97.34841,97.34841
422,14.05803,13.68269,16.82186,2.79796,94.95991,94.95991,94.95991,75.68131,75.68131,75.68131,97.34841,97.34841,97.34841
423,14.05803,13.68269,16.82186,2.79796,94.95991,94.95991,94.95991,75.68131,75.68131,75.68131,97.34841,97.34841,97.34841
424,14.05803,13.68269,16.82186,2.79796,94.95991,94.95991,94.95991,75.68131,75.68131,75.68131,97.34841,97.34841,97.34841
425,14.05803,13.68269,16.82186,2.79796,94.95991,94.95991,94.95991,75.68131,75.68131,75.68131,97.34841,97.34841,97.34841
426,14.05803,13.68269,16.82186,2.79796,94.95991,94.95991,94.95991,75.68131,75.68131,75.68131,97.34841,97.34841,97.34841
427,14.05803,13.68269,16.82186,2.79796,94.95991,94.95991,94.95991,75.68131,75.68131,75.68131,97.34841,97.34841,97.34841
428,14.05803,13.68269,16.82186,2.79796,94.95991,94.95991,94.95991,75.68131,75.68131,75.68131,97.34841,97.34841,97.34841
429,14.05803,13.68269,16.82186,2.79796,94.95991,94.95991,94.95991,75.68131,75.68131,75.68131,97.34841,97.34841,97.34841
430,14.05803,13.68269,16.82186,2.79796,94.95991,94.95991,94.95991,75.68131,75.68131,75.68131,97.34841,97.34841,97.34841
431,14.05803,13.68269,16.82186,2.79796,94.95991,94.95991,94.95991,75.68131,75.68131,75.68131,97.34841,97.34841,97.34841
432,14.05803,13.68269,16.82186,2.79796,94.95991,94.95991,94.95991,75.68131,75.68131,75.68131,97.34841,97.34841,97.34841
433,14.05803,13.68269,16.82186,2.79796,94.95991,94.95991,94.95991,75.68131,75.68131,75.68131,97.34841,97.34841,97.34841
434,14.05803,13.68269,16.82186,2.79796,94.95991,94.95991,94.95991,75.68131,75.68131,75.68131,97.34841,97.34841,97.34841
435,14.05803,13.68269,16.82186,2.79796,94.95991,94.95991,94.95991,75.68131,75.68131,75.68131,97.34841,97.34841,97.34841
436,14.05803,13.68269,16.82186,2.79796,94.95991,94.95991,94.95991,75.68131,75.68131,75.68131,97.34841,97.34841,97.34841
437,14.05803,13.68269,16.82186,2.79796,94.95991,94.95991,94.95991,75.68131,75.68131,75.68131,97.34841,97.34841,97.34841
438,14.05803,13.68269,16.82186,2.79796,94.95991,94.95991,94.95991,75.68131,75.68131,75.68131,97.34841,97.34841,97.34841
439,14.05803,13.68269,16.82186,2.79796,94.95991,94.95991,94.95991,75.68131,75.68131,75.68131,97.34841,97.34841,97.34841
440,14.05803,13.68269,16.82186,2.79796,94.95991,94.95991,94.95991,75.68131,75.68131,75.68131,97.34841,97.34841,97.34841
441,14.05803,13.68269,16.82186,2.79796,94.95991,94.95991,94.95991,75.68131,75.68131,75.68131,97.34841,97.34841,97.34841
442,14.05803,13.68269,16.82186,2.79796,94.95991,94.95991,94.95991,75.68131,75.68131,75.68131,97.34841,97.34841,97.34841
443,14.05803,13.68269,16.82186,2.79796,94.95991,94.95991,94.95991,75.68131,75.68131,75.68131,97.34841,97.34841,97.34841
444,14.05803,13.68269,16.82186,2.79796,94.95991,94.95991,94.95991,75.68131,75.68131,75.68131,97.34841,97.34841,97.34841
445,14.05803,13.68269,16.82186,2.79796,94.95991,94.95991,94.95991,75.68131,75.68131,75.68131,97.34841,97.34841,97.34841
446,14.05803,13.68269,16.82186,2.79796,94.95991,94.95991,94.95991,75.68131,75.68131,75.68131,97.34841,97.34841,97.34841
447,14.05803,13.68269,16.82186,2.79796,94.95991,94.95991,94.95991,75.68131,75.68131,75.68131,97.34841,97.34841,97.34841
448,14.05803,13.68269,16.82186,2.79796,94.95991,94.95991,94.95991,75.68131,75.68131,75.68131,97.34841,97.34841,97.34841
449,14.05803,13.68269,16.82186,2.79796,94.95991,94.95991,94.95991,75.68131,75.68131,75.68131,97.34841,97.34841,97.34841
450,14.05803,13.68269,16.82186,2.79796,94.95991,94.95991,94.95991,75.68131,75.68131,75.68131,97.34841,97.34841,97.34841
451,14.05803,13.68269,16.82186,2.79796,94.95991,94.95991,94.95991,75.68131,75.68131,75.68131,97.34841,97.34841,97.34841
452,14.05803,13.68269,16.82186,2.79796,94.95991,94.95991,94.95991,75.68131,75.68131,75.68131,97.34841,97.34841,97.34841
453,14.05803,13.68269,16.82186,2.79796,94.95991,94.95991,94.95991,75.68131,75.68131,75.68131,97.34841,97.34841,97.34841
454,14.05803,13.68269,16.82186,2.79796,94.95991,94.95991,94.95991,75.68131,75.68131,75.68131,97.34841,97.34841,97.34841
455,14.05803,13.68269,16.82186,2.79796,94.95991,94.95991,94.95991,75.68131,75.68131,75.68131,97.34841,97.34841,97.34841
456,14.05803,13.68269,16.82186,2.79796,94.95991,94.95991,94.95991,75.68131,75.68131,75.68131,97.34841,97.34841,97.34841
457,14.05803,13.68269,16.82186,2.79796,94.95991,94.95991,94.95991,75.68131,75.68131,75.68131,97.34841,97.34841,97.34841
458,14.05803,13.68269,16.82186,2.79796,94.95991,94.95991,94.95991,75.68131,75.68131,75.68131,97.34841,97.34841,97.34841
459,14.05803,13.68269,16.82186,2.79796,94.95991,94.95991,94.95991,75.68131,75.68131,75.68131,97.34841,97.34841,97.34841
460,14.05803,13.68269,16.82186,2.79796,94.95991,94.95991,94.95991,75.68131,75.68131,75.68131,97.34841,97.34841,97.34841
461,14.05803,13.68269,16.82186,2.79796,94.95991,94.95991,94.95991,75.68131,75.68131,75.68131,97.34841,97.34841,97.34841
462,14.05803,13.68269,16.82186,2.79796,94.95991,94.95991,94.95991,75.68131,75.68131,75.68131,97.34841,97.34841,97.34841
463,14.05803,13.68269,16.82186,2.79796,94.95991,94.95991,94.95991,75.68131,75.68131,75.68131,97.34841,97.34841,97.34841
464,14.05803,13.68269,16.82186,2.79796,94.95991,94.95991,94.95991,75.68131,75.68131,75.68131,97.34841,97.34841,97.34841
465,14.05803,13.68269,16.82186,2.79796,94.95991,94.95991,94.95991,75.68131,75.68131,75.68131,97.34841,97.34841,97.34841
466,14.05803,13.68269,16.82186,2.79796,94.95991,94.95991,94.95991,75.68131,75.68131,75.68131,97.34841,97.34841,97.34841
467,14.05803,13.68269,16.82186,2.79796,94.95991,94.95991,94.95991,75.68131,75.68131,75.68131,97.34841,97.34841,97.34841
468,14.05803,13.68269,16.82186,2.79796,94.95991,94.95991,94.95991,75.68131,75.68131,75.68131,97.34841,97.34841,97.34841
469,14.05803,13.68269,16.82186,2.79796,94.95991,94.95991,94.95991,75.68131,75.68131,75.68131,97.34841,97.34841,97.34841
470,14.05803,13.68269,16.82186,2.79796,94.95991,94.95991,94.95991,75.68131,75.68131,75.68131,97.34841,97.34841,97.34841
471,14.05803,13.68269,16.82186,2.79796,94.95991,94.95991,94.95991,75.68131,75.68131,75.68131,97.34841,97.34841,97.34841
472,14.05803,13.68269,16.82186,2.79796,94.95991,94.95991,94.95991,75.68131,75.68131,75.68131,97.34841,97.34841,97.34841
473,14.05803,13.68269,16.82186,2.79796,94.95991,94.95991,94.95991,75.68131,75.68131,75.68131,97.34841,97.34841,97.34841
474,14.05803,13.68269,16.82186,2.79796,94.95991,94.95991,94.95991,75.68131,75.68131,75.68131,97.34841,97.34841,97.34841
475,14.05803,13.68269,16.82186,2.79796,94.95991,94.95991,94.95991,75.68131,75.68131,75.68131,97.34841,97.34841,97.34841
476,14.05803,13.68269,16.82186,2.79796,94.95991,94.95991,94.95991,75.68131,75.68131,75.68131,97.34841,97.34841,97.34841
477,14.05803,13.68269,16.82186,2.79796,94.95991,94.95991,94.95991,75.68131,75.68131,75.68131,97.34841,97.34841,97.34841
478,14.05803,13.68269,16.82186,2.79796,94.95991,94.95991,94.95991,75.68131,75.68131,75.68131,97.34841,97.34841,97.34841
479,14.05803,13.68269,16.82186,2.79796,94.95991,94.95991,94.95991,75.68131,75.68131,75.68131,97.34841,97.34841,97.34841
480,14.05803,13.68269,16.82186,2.79796,94.95991,94.95991,94.95991,75.68131,75.68131,75.68131,97.34841,97.34841,97.34841
481,14.05803,13.68269,16.82186,2.79796,94.95991,94.95991,94.95991,75.68131,75.68131,75.68131,97.34841,97.34841,97.34841
482,14.05803,13.68269,16.82186,2.79796,94.95991,94.95991,94.95991,75.68131,75.68131,75.68131,97.34841,97.34841,97.34841
483,14.05803,13.68269,16.82186,2.79796,94.95991,94.95991,94.95991,75.68131,75.68131,75.68131,97.34841,97.34841,97.34841
484,14.05803,13.68269,16.82186,2.79796,94.95991,94.95991,94.95991,75.68131,75.68131,75.68131,97.34841,97.34841,97.34841
485,14.05803,13.68269,16.82186,2.79796,94.95991,94.95991,94.95991,75.68131,75.68131,75.68131,97.34841,97.34841,97.34841
486,14.05803,13.68269,16.82186,2.79796,94.95991,94.95991,94.95991,75.68131,75.68131,75.68131,97.34841,97.34841,97.34841
487,14.05803,13.68269,16.82186,2.79796,94.95991,94.95991,94.95991,75.68131,75.68131,75.68131,97.34841,97.34841,97.34841
488,14.05803,13.68269,16.82186,2.79796,94.95991,94.95991,94.95991,75.68131,75.68131,75.68131,97.34841,97.34841,97.34841
489,14.05803,13.68269,16.82186,2.79796,94.95991,94.95991,94.95991,75.68131,75.68131,75.68131,97.34841,97.34841,97.34841
490,14.05803,13.68269,16.82186,2.79796,94.95991,94.95991,94.95991,75.68131,75.68131,75.68131,97.34841,97.34841,97.34841
491,14.05803,13.68269,16.82186,2.79796,94.95991,94.95991,94.95991,75.68131,75.68131,75.68131,97.34841,97.34841,97.34841
492,14.05803,13.68269,16.82186,2.79796,94.95991,94.95991,94.95991,75.68131,75.68131,75.68131,97.34841,97.34841,97.34841
493,14.05803,13.68269,16.82186,2.79796,94.95991,94.95991,94.95991,75.68131,75.68131,75.68131,97.34841,97.34841,97.34841
494,14.05803,13.68269,16.82186,2.79796,94.95991,94.95991,94.95991,75.68131,75.68131,75.68131,97.34841,97.34841,97.34841
495,14.05803,13.68269,16.82186,2.79796,94.95991,94.95991,94.95991,75.68131,75.68131,75.68131,97.34841,97.34841,97.34841
496,14.05803,13.68269,16.82186,2.79796,94.95991,94.95991,94.95991,75.68131,75.68131,75.68131,97.34841,97.34841,97.34841
497,14.05803,13.68269,16.82186,2.79796,94.95991,94.95991,94.95991,75.68131,75.68131,75.68131,97.34841,97.34841,97.34841
498,14.05803,13.68269,16.82186,2.79796,94.95991,94.95991,94.95991,75.68131,75.68131,75.68131,97.34841,97.34841,97.34841
499,14.05803,13.68269,16.82186,2.79796,94.95991,94.95991,94.95991,75.68131,75.68131,75.68131,97.34841,97.34841,97.34841
500,14.05803,13.68269,16.82186,2.79796,94.95991,94.95991,94.95991,75.68131,75.68131,75.68131,97.34841,97.34841,97.34841
501,14.05803,13.68269,16.82186,2.79796,94.95991,94.95991,94.95991,75.68131,75.68131,75.68131,97.34841,97.34841,97.34841
502,14.05803,13.68269,16.82186,2.79796,94.95991,94.95991,94.95991,75.68131,75.68131,75.68131,97.34841,97.34841,97.34841
503,14.05803,13.68269,16.82186,2.79796,94.95991,94.95991,94.95991,75.68131,75.68131,75.68131,97.34841,97.34841,97.34841
504,14.05803,13.68269,16.82186,2.79796,94.95991,94.95991,94.95991,75.68131,75.68131,75.68131,97.34841,97.34841,97.34841