Time_Index,Demand_MW_z1,Demand_MW_z2,Demand_MW_z3,Demand_H2_z1,Demand_H2_z2,Demand_H2_z3,Demand_NG_z1,Demand_NG_z2,Demand_NG_z3,Demand_Gasoline_z1,Demand_Gasoline_z2,Demand_Gasoline_z3,Demand_JetFuel_z1,Demand_JetFuel_z2,Demand_JetFuel_z3,Demand_Diesel_z1,Demand_Diesel_z2,Demand_Diesel_z3,Demand_Zero
1,125377.8458,94315.25992,49853.92253,14771.25,7365.93,1811.94,0,0,0,0,0,0,0,0,0,0,0,0,0
2,123482.4609,91270.95694,48177.56098,14771.25,7365.93,1811.94,0,0,0,0,0,0,0,0,0,0,0,0,0
3,125169.0407,92175.57897,48597.64212,14771.25,7365.93,1811.94,0,0,0,0,0,0,0,0,0,0,0,0,0
4,128508.9127,92443.80399,48618.44803,14771.25,7365.93,1811.94,0,0,0,0,0,0,0,0,0,0,0,0,0
5,134457.3347,96745.60297,51409.41167,14771.25,7365.93,1811.94,0,0,0,0,0,0,0,0,0,0,0,0,0
6,152393.3853,106860.6438,56744.64037,14771.25,7365.93,1811.94,0,0,0,0,0,0,0,0,0,0,0,0,0
7,161689.749,112014.0317,61997.6362,14771.25,7365.93,1811.94,0,0,0,0,0,0,0,0,0,0,0,0,0
8,158905.6817,117740.5849,66810.73574,14771.25,7365.93,1811.94,0,0,0,0,0,0,0,0,0,0,0,0,0
9,157167.6571,120902.1726,69259.88808,14771.25,7365.93,1811.94,0,0,0,0,0,0,0,0,0,0,0,0,0
10,159021.6845,122266.7546,69883.0745,14771.25,7365.93,1811.94,0,0,0,0,0,0,0,0,0,0,0,0,0
11,151725.6126,114345.4477,66485.76731,14771.25,7365.93,1811.94,0,0,0,0,0,0,0,0,0,0,0,0,0
12,148816.4641,115021.6195,67474.54321,14771.25,7365.93,1811.94,0,0,0,0,0,0,0,0,0,0,0,0,0
13,143668.9659,110224.1652,65189.85661,14771.25,7365.93,1811.94,0,0,0,0,0,0,0,0,0,0,0,0,0
14,137523.8435,105857.0947,63032.97771,14771.25,7365.93,1811.94,0,0,0,0,0,0,0,0,0,0,0,0,0
15,134325.1923,104151.8771,62144.2683,14771.25,7365.93,1811.94,0,0,0,0,0,0,0,0,0,0,0,0,0
16,134674.2095,105815.2802,63259.86115,14771.25,7365.93,1811.94,0,0,0,0,0,0,0,0,0,0,0,0,0
17,138349.9852,110308.8141,66318.3293,14771.25,7365.93,1811.94,0,0,0,0,0,0,0,0,0,0,0,0,0
18,144969.206,112735.0777,66866.21816,14771.25,7365.93,1811.94,0,0,0,0,0,0,0,0,0,0,0,0,0
19,145314.1882,111047.1978,65213.63478,14771.25,7365.93,1811.94,0,0,0,0,0,0,0,0,0,0,0,0,0
20,138670.7582,105455.2671,61904.50501,14771.25,7365.93,1811.94,0,0,0,0,0,0,0,0,0,0,0,0,0
21,130577.7975,99843.9589,58580.51387,14771.25,7365.93,1811.94,0,0,0,0,0,0,0,0,0,0,0,0,0
22,123640.8299,94036.83623,54298.46031,14771.25,7365.93,1811.94,0,0,0,0,0,0,0,0,0,0,0,0,0
23,120159.7371,91744.17523,52385.30773,14771.25,7365.93,1811.94,0,0,0,0,0,0,0,0,0,0,0,0,0
24,117983.9281,87276.13792,50888.27327,14771.25,7365.93,1811.94,0,0,0,0,0,0,0,0,0,0,0,0,0
25,114589.5852,84122.70918,48605.56818,14771.25,7365.93,1811.94,0,0,0,0,0,0,0,0,0,0,0,0,0
26,112826.3426,81494.51193,46873.72421,14771.25,7365.93,1811.94,0,0,0,0,0,0,0,0,0,0,0,0,0
27,114431.2162,82212.4983,47164.01614,14771.25,7365.93,1811.94,0,0,0,0,0,0,0,0,0,0,0,0,0
28,117093.2283,82506.21999,47091.69085,14771.25,7365.93,1811.94,0,0,0,0,0,0,0,0,0,0,0,0,0
29,120720.5855,84883.52996,48240.96945,14771.25,7365.93,1811.94,0,0,0,0,0,0,0,0,0,0,0,0,0
30,136150.9756,92982.29376,52188.14701,14771.25,7365.93,1811.94,0,0,0,0,0,0,0,0,0,0,0,0,0
31,138951.1823,94990.41187,55805.40234,14771.25,7365.93,1811.94,0,0,0,0,0,0,0,0,0,0,0,0,0
32,140387.5996,100674.1306,60016.12137,14771.25,7365.93,1811.94,0,0,0,0,0,0,0,0,0,0,0,0,0
33,142065.101,104794.3933,62948.76333,14771.25,7365.93,1811.94,0,0,0,0,0,0,0,0,0,0,0,0,0
34,143654.8438,106494.5116,63980.1418,14771.25,7365.93,1811.94,0,0,0,0,0,0,0,0,0,0,0,0,0
35,137598.4888,101192.2231,60329.20071,14771.25,7365.93,1811.94,0,0,0,0,0,0,0,0,0,0,0,0,0
36,136422.3213,101955.0836,61156.48316,14771.25,7365.93,1811.94,0,0,0,0,0,0,0,0,0,0,0,0,0
37,133072.3621,97845.01959,58818.29565,14771.25,7365.93,1811.94,0,0,0,0,0,0,0,0,0,0,0,0,0
38,128746.9706,94465.18037,56590.08221,14771.25,7365.93,1811.94,0,0,0,0,0,0,0,0,0,0,0,0,0
39,126827.3765,93300.49226,55719.20644,14771.25,7365.93,1811.94,0,0,0,0,0,0,0,0,0,0,0,0,0
40,127729.1721,94770.1206,56736.71431,14771.25,7365.93,1811.94,0,0,0,0,0,0,0,0,0,0,0,0,0
41,130090.5857,97556.39723,59463.27873,14771.25,7365.93,1811.94,0,0,0,0,0,0,0,0,0,0,0,0,0
42,137397.7535,103276.8312,61716.2611,14771.25,7365.93,1811.94,0,0,0,0,0,0,0,0,0,0,0,0,0
43,137670.1079,100041.8131,59605.9478,14771.25,7365.93,1811.94,0,0,0,0,0,0,0,0,0,0,0,0,0
44,129611.4437,93760.45228,56110.55562,14771.25,7365.93,1811.94,0,0,0,0,0,0,0,0,0,0,0,0,0
45,119764.3189,87237.38298,52445.74393,14771.25,7365.93,1811.94,0,0,0,0,0,0,0,0,0,0,0,0,0
46,111442.3788,82017.7037,49455.63805,14771.25,7365.93,1811.94,0,0,0,0,0,0,0,0,0,0,0,0,0
47,106962.6532,79482.31435,47570.22668,14771.25,7365.93,1811.94,0,0,0,0,0,0,0,0,0,0,0,0,0
48,105306.3349,75418.14438,40986.64364,14771.25,7365.93,1811.94,0,0,0,0,0,0,0,0,0,0,0,0,0
49,106395.7525,74461.50914,39989.94167,14771.25,7365.93,1811.94,0,0,0,0,0,0,0,0,0,0,0,0,0
50,108245.745,74553.29717,39746.21535,14771.25,7365.93,1811.94,0,0,0,0,0,0,0,0,0,0,0,0,0
51,111515.0066,75925.01828,40400.11524,14771.25,7365.93,1811.94,0,0,0,0,0,0,0,0,0,0,0,0,0
52,116265.0692,78274.79183,41441.40129,14771.25,7365.93,1811.94,0,0,0,0,0,0,0,0,0,0,0,0,0
53,126314.9467,86251.1716,45911.69876,14771.25,7365.93,1811.94,0,0,0,0,0,0,0,0,0,0,0,0,0
54,157792.0548,111589.7671,61841.09653,14771.25,7365.93,1811.94,0,0,0,0,0,0,0,0,0,0,0,0,0
55,175827.9687,124754.2102,69677.98771,14771.25,7365.93,1811.94,0,0,0,0,0,0,0,0,0,0,0,0,0
56,172852.2447,120885.8547,67192.17735,14771.25,7365.93,1811.94,0,0,0,0,0,0,0,0,0,0,0,0,0
57,159872.0355,111415.3698,62296.84494,14771.25,7365.93,1811.94,0,0,0,0,0,0,0,0,0,0,0,0,0
58,155829.0857,112185.3694,62700.08321,14771.25,7365.93,1811.94,0,0,0,0,0,0,0,0,0,0,0,0,0
59,153798.5323,112003.8331,62518.77461,14771.25,7365.93,1811.94,0,0,0,0,0,0,0,0,0,0,0,0,0
60,152046.3856,110681.0656,61822.27214,14771.25,7365.93,1811.94,0,0,0,0,0,0,0,0,0,0,0,0,0
61,149949.2567,109544.9338,61204.03951,14771.25,7365.93,1811.94,0,0,0,0,0,0,0,0,0,0,0,0,0
62,148315.1303,108290.4973,60432.23948,14771.25,7365.93,1811.94,0,0,0,0,0,0,0,0,0,0,0,0,0
63,151979.8101,112144.5747,63140.97026,14771.25,7365.93,1811.94,0,0,0,0,0,0,0,0,0,0,0,0,0
64,161113.7698,119101.0875,68185.90704,14771.25,7365.93,1811.94,0,0,0,0,0,0,0,0,0,0,0,0,0
65,173893.2437,128749.0293,74981.51217,14771.25,7365.93,1811.94,0,0,0,0,0,0,0,0,0,0,0,0,0
66,170778.3163,121015.3778,70920.39751,14771.25,7365.93,1811.94,0,0,0,0,0,0,0,0,0,0,0,0,0
67,151213.1829,106473.0944,62937.86499,14771.25,7365.93,1811.94,0,0,0,0,0,0,0,0,0,0,0,0,0
68,138318.7149,102137.6398,60271.73678,14771.25,7365.93,1811.94,0,0,0,0,0,0,0,0,0,0,0,0,0
69,127805.8349,93166.88968,53506.84513,14771.25,7365.93,1811.94,0,0,0,0,0,0,0,0,0,0,0,0,0
70,116512.2056,85823.84732,49230.73611,14771.25,7365.93,1811.94,0,0,0,0,0,0,0,0,0,0,0,0,0
71,106484.5199,79508.83089,45984.02405,14771.25,7365.93,1811.94,0,0,0,0,0,0,0,0,0,0,0,0,0
72,101746.562,84332.80178,48104.24493,14771.25,7365.93,1811.94,0,0,0,0,0,0,0,0,0,0,0,0,0
73,100641.0048,84247.13295,47557.34683,14771.25,7365.93,1811.94,0,0,0,0,0,0,0,0,0,0,0,0,0
74,102514.1979,85419.97999,47701.99742,14771.25,7365.93,1811.94,0,0,0,0,0,0,0,0,0,0,0,0,0
75,106136.5115,87858.48198,48709.59771,14771.25,7365.93,1811.94,0,0,0,0,0,0,0,0,0,0,0,0,0
76,111251.7307,91271.97681,50189.78929,14771.25,7365.93,1811.94,0,0,0,0,0,0,0,0,0,0,0,0,0
77,121710.1398,100522.1704,55518.08269,14771.25,7365.93,1811.94,0,0,0,0,0,0,0,0,0,0,0,0,0
78,151978.8014,131870.8421,74975.56763,14771.25,7365.93,1811.94,0,0,0,0,0,0,0,0,0,0,0,0,0
79,170517.0578,143864.478,84777.13076,14771.25,7365.93,1811.94,0,0,0,0,0,0,0,0,0,0,0,0,0
80,169374.178,138992.5734,81833.59047,14771.25,7365.93,1811.94,0,0,0,0,0,0,0,0,0,0,0,0,0
81,157964.5459,129286.4992,75589.83722,14771.25,7365.93,1811.94,0,0,0,0,0,0,0,0,0,0,0,0,0
82,154732.607,130597.0283,76023.78897,14771.25,7365.93,1811.94,0,0,0,0,0,0,0,0,0,0,0,0,0
83,153714.8085,128597.0691,74842.80613,14771.25,7365.93,1811.94,0,0,0,0,0,0,0,0,0,0,0,0,0
84,152612.2775,126912.2488,74108.65488,14771.25,7365.93,1811.94,0,0,0,0,0,0,0,0,0,0,0,0,0
85,150795.5728,125234.5676,73142.6664,14771.25,7365.93,1811.94,0,0,0,0,0,0,0,0,0,0,0,0,0
86,149227.0131,123014.3171,72196.49307,14771.25,7365.93,1811.94,0,0,0,0,0,0,0,0,0,0,0,0,0
87,152917.9197,126324.8054,74489.10573,14771.25,7365.93,1811.94,0,0,0,0,0,0,0,0,0,0,0,0,0
88,162132.577,133555.6624,79402.27177,14771.25,7365.93,1811.94,0,0,0,0,0,0,0,0,0,0,0,0,0
89,175485.0039,145027.1264,87441.27746,14771.25,7365.93,1811.94,0,0,0,0,0,0,0,0,0,0,0,0,0
90,172328.719,136053.3167,82253.67162,14771.25,7365.93,1811.94,0,0,0,0,0,0,0,0,0,0,0,0,0
91,152971.3819,121658.9139,73877.80841,14771.25,7365.93,1811.94,0,0,0,0,0,0,0,0,0,0,0,0,0
92,140041.6087,117627.3797,71467.29561,14771.25,7365.93,1811.94,0,0,0,0,0,0,0,0,0,0,0,0,0
93,129281.5923,105994.7767,61886.67137,14771.25,7365.93,1811.94,0,0,0,0,0,0,0,0,0,0,0,0,0
94,118233.0819,98200.95317,56888.3002,14771.25,7365.93,1811.94,0,0,0,0,0,0,0,0,0,0,0,0,0
95,108487.8378,92423.40665,53438.48287,14771.25,7365.93,1811.94,0,0,0,0,0,0,0,0,0,0,0,0,0
96,101355.1786,86484.72114,50604.91665,14771.25,7365.93,1811.94,0,0,0,0,0,0,0,0,0,0,0,0,0
97,99220.72703,85909.51615,49871.75616,14771.25,7365.93,1811.94,0,0,0,0,0,0,0,0,0,0,0,0,0
98,100488.6881,86502.05888,49683.51225,14771.25,7365.93,1811.94,0,0,0,0,0,0,0,0,0,0,0,0,0
99,103357.4878,87941.0912,50236.35489,14771.25,7365.93,1811.94,0,0,0,0,0,0,0,0,0,0,0,0,0
100,107805.9431,90343.89784,51367.79986,14771.25,7365.93,1811.94,0,0,0,0,0,0,0,0,0,0,0,0,0
101,117310.1031,98777.17802,56477.13587,14771.25,7365.93,1811.94,0,0,0,0,0,0,0,0,0,0,0,0,0
102,146704.2044,128150.3673,76203.11607,14771.25,7365.93,1811.94,0,0,0,0,0,0,0,0,0,0,0,0,0
103,164763.3188,138638.6795,84556.19186,14771.25,7365.93,1811.94,0,0,0,0,0,0,0,0,0,0,0,0,0
104,164051.1625,132445.0272,79810.46383,14771.25,7365.93,1811.94,0,0,0,0,0,0,0,0,0,0,0,0,0
105,152814.0215,121171.4175,72343.12516,14771.25,7365.93,1811.94,0,0,0,0,0,0,0,0,0,0,0,0,0
106,149770.7132,121072.4904,72302.50411,14771.25,7365.93,1811.94,0,0,0,0,0,0,0,0,0,0,0,0,0
107,149424.7223,118386.1607,70026.73432,14771.25,7365.93,1811.94,0,0,0,0,0,0,0,0,0,0,0,0,0
108,149031.3215,115831.3939,68466.29139,14771.25,7365.93,1811.94,0,0,0,0,0,0,0,0,0,0,0,0,0
109,147802.7005,113490.7992,66978.17375,14771.25,7365.93,1811.94,0,0,0,0,0,0,0,0,0,0,0,0,0
110,146945.2885,111052.2972,65287.94159,14771.25,7365.93,1811.94,0,0,0,0,0,0,0,0,0,0,0,0,0
111,150883.3314,114162.8915,66679.95576,14771.25,7365.93,1811.94,0,0,0,0,0,0,0,0,0,0,0,0,0
112,160331.0031,121314.1989,71322.64502,14771.25,7365.93,1811.94,0,0,0,0,0,0,0,0,0,0,0,0,0
113,173130.6514,131574.0608,79185.2959,14771.25,7365.93,1811.94,0,0,0,0,0,0,0,0,0,0,0,0,0
114,170052.0379,123448.7805,74028.40353,14771.25,7365.93,1811.94,0,0,0,0,0,0,0,0,0,0,0,0,0
115,150519.1835,108940.1526,66491.71185,14771.25,7365.93,1811.94,0,0,0,0,0,0,0,0,0,0,0,0,0
116,137223.2449,104415.0028,64108.94026,14771.25,7365.93,1811.94,0,0,0,0,0,0,0,0,0,0,0,0,0
117,126349.2432,94089.86932,55404.14559,14771.25,7365.93,1811.94,0,0,0,0,0,0,0,0,0,0,0,0,0
118,114687.431,86522.45622,50714.89072,14771.25,7365.93,1811.94,0,0,0,0,0,0,0,0,0,0,0,0,0
119,103975.8332,80165.62524,47155.09932,14771.25,7365.93,1811.94,0,0,0,0,0,0,0,0,0,0,0,0,0
120,95132.3848,74222.86026,43095.96618,14771.25,7365.93,1811.94,0,0,0,0,0,0,0,0,0,0,0,0,0
121,91855.05346,73323.33757,42342.99054,14771.25,7365.93,1811.94,0,0,0,0,0,0,0,0,0,0,0,0,0
122,91979.12603,73649.69501,42101.24573,14771.25,7365.93,1811.94,0,0,0,0,0,0,0,0,0,0,0,0,0
123,93937.05158,74944.92609,42647.15307,14771.25,7365.93,1811.94,0,0,0,0,0,0,0,0,0,0,0,0,0
124,97472.61524,77114.18319,43813.27455,14771.25,7365.93,1811.94,0,0,0,0,0,0,0,0,0,0,0,0,0
125,106408.8659,84976.33785,48512.43698,14771.25,7365.93,1811.94,0,0,0,0,0,0,0,0,0,0,0,0,0
126,132976.5337,109719.331,64158.47813,14771.25,7365.93,1811.94,0,0,0,0,0,0,0,0,0,0,0,0,0
127,152841.257,121925.0992,71244.37519,14771.25,7365.93,1811.94,0,0,0,0,0,0,0,0,0,0,0,0,0
128,154492.5316,117817.0749,67729.16787,14771.25,7365.93,1811.94,0,0,0,0,0,0,0,0,0,0,0,0,0
129,145822.5831,107716.3122,61365.53297,14771.25,7365.93,1811.94,0,0,0,0,0,0,0,0,0,0,0,0,0
130,144020.0004,108297.6364,61488.38689,14771.25,7365.93,1811.94,0,0,0,0,0,0,0,0,0,0,0,0,0
131,146042.4841,108025.3319,60368.83101,14771.25,7365.93,1811.94,0,0,0,0,0,0,0,0,0,0,0,0,0
132,147000.7681,106651.5711,58899.53776,14771.25,7365.93,1811.94,0,0,0,0,0,0,0,0,0,0,0,0,0
133,146842.399,105706.1544,57787.90793,14771.25,7365.93,1811.94,0,0,0,0,0,0,0,0,0,0,0,0,0
134,146761.7014,104540.4464,56943.78261,14771.25,7365.93,1811.94,0,0,0,0,0,0,0,0,0,0,0,0,0
135,151054.8138,108105.9014,59156.14393,14771.25,7365.93,1811.94,0,0,0,0,0,0,0,0,0,0,0,0,0
136,160590.2441,114838.0435,63658.14564,14771.25,7365.93,1811.94,0,0,0,0,0,0,0,0,0,0,0,0,0
137,172859.3057,123472.2374,69966.29812,14771.25,7365.93,1811.94,0,0,0,0,0,0,0,0,0,0,0,0,0
138,170035.8984,116426.9962,65378.10051,14771.25,7365.93,1811.94,0,0,0,0,0,0,0,0,0,0,0,0,0
139,150017.8496,101170.8059,56898.20777,14771.25,7365.93,1811.94,0,0,0,0,0,0,0,0,0,0,0,0,0
140,136240.7516,95853.21935,54006.18687,14771.25,7365.93,1811.94,0,0,0,0,0,0,0,0,0,0,0,0,0
141,125231.5814,86839.63485,47310.64824,14771.25,7365.93,1811.94,0,0,0,0,0,0,0,0,0,0,0,0,0
142,112620.5637,78116.71245,42795.76668,14771.25,7365.93,1811.94,0,0,0,0,0,0,0,0,0,0,0,0,0
143,100486.6706,70501.3656,39235.97528,14771.25,7365.93,1811.94,0,0,0,0,0,0,0,0,0,0,0,0,0
144,90600.20576,63949.74003,35678.16539,14771.25,7365.93,1811.94,0,0,0,0,0,0,0,0,0,0,0,0,0
145,86024.65177,62277.15815,34736.94584,14771.25,7365.93,1811.94,0,0,0,0,0,0,0,0,0,0,0,0,0
146,85087.55087,62345.48924,34482.32118,14771.25,7365.93,1811.94,0,0,0,0,0,0,0,0,0,0,0,0,0
147,86276.83177,63585.64751,35188.73122,14771.25,7365.93,1811.94,0,0,0,0,0,0,0,0,0,0,0,0,0
148,89067.96006,65854.85157,36405.38133,14771.25,7365.93,1811.94,0,0,0,0,0,0,0,0,0,0,0,0,0
149,97217.40907,73382.48986,40622.04491,14771.25,7365.93,1811.94,0,0,0,0,0,0,0,0,0,0,0,0,0
150,122029.9041,96223.43107,54022.03899,14771.25,7365.93,1811.94,0,0,0,0,0,0,0,0,0,0,0,0,0
151,143828.3436,109279.7683,62013.48832,14771.25,7365.93,1811.94,0,0,0,0,0,0,0,0,0,0,0,0,0
152,147956.0259,106784.1538,60082.50211,14771.25,7365.93,1811.94,0,0,0,0,0,0,0,0,0,0,0,0,0
153,141565.7846,99825.60129,55144.56714,14771.25,7365.93,1811.94,0,0,0,0,0,0,0,0,0,0,0,0,0
154,140767.8871,101806.183,55746.94765,14771.25,7365.93,1811.94,0,0,0,0,0,0,0,0,0,0,0,0,0
155,144837.0636,103754.129,56214.58515,14771.25,7365.93,1811.94,0,0,0,0,0,0,0,0,0,0,0,0,0
156,146579.1231,103142.2088,55550.77768,14771.25,7365.93,1811.94,0,0,0,0,0,0,0,0,0,0,0,0,0
157,146936.21,102906.6195,54908.76688,14771.25,7365.93,1811.94,0,0,0,0,0,0,0,0,0,0,0,0,0
158,147451.6659,102257.9841,54527.32527,14771.25,7365.93,1811.94,0,0,0,0,0,0,0,0,0,0,0,0,0
159,151774.0312,105730.6312,56807.05809,14771.25,7365.93,1811.94,0,0,0,0,0,0,0,0,0,0,0,0,0
160,161254.9906,112439.3163,61048.4906,14771.25,7365.93,1811.94,0,0,0,0,0,0,0,0,0,0,0,0,0
161,173328.3605,120651.2853,66804.7912,14771.25,7365.93,1811.94,0,0,0,0,0,0,0,0,0,0,0,0,0
162,170119.6221,114134.3352,62918.04985,14771.25,7365.93,1811.94,0,0,0,0,0,0,0,0,0,0,0,0,0
163,149445.9054,98817.9727,54396.54529,14771.25,7365.93,1811.94,0,0,0,0,0,0,0,0,0,0,0,0,0
164,135303.6508,93378.00215,51544.15468,14771.25,7365.93,1811.94,0,0,0,0,0,0,0,0,0,0,0,0,0
165,124448.8147,85373.06611,45653.11107,14771.25,7365.93,1811.94,0,0,0,0,0,0,0,0,0,0,0,0,0
166,112028.4451,76736.8324,41042.12605,14771.25,7365.93,1811.94,0,0,0,0,0,0,0,0,0,0,0,0,0
167,99738.2004,68918.53202,37230.68226,14771.25,7365.93,1811.94,0,0,0,0,0,0,0,0,0,0,0,0,0
168,86708.56394,64445.39538,38281.87588,14771.25,7365.93,1811.94,0,0,0,0,0,0,0,0,0,0,0,0,0
169,78518.76612,52703.66668,27430.10988,14771.25,7365.93,1811.94,0,0,0,0,0,0,0,0,0,0,0,0,0
170,72810.41954,50494.63477,26282.81279,14771.25,7365.93,1811.94,0,0,0,0,0,0,0,0,0,0,0,0,0
171,70757.67431,50751.64125,26400.71292,14771.25,7365.93,1811.94,0,0,0,0,0,0,0,0,0,0,0,0,0
172,69056.97236,50425.28381,26060.88313,14771.25,7365.93,1811.94,0,0,0,0,0,0,0,0,0,0,0,0,0
173,70569.04367,53454.28878,27492.5276,14771.25,7365.93,1811.94,0,0,0,0,0,0,0,0,0,0,0,0,0
174,77391.01714,60409.78169,31437.72364,14771.25,7365.93,1811.94,0,0,0,0,0,0,0,0,0,0,0,0,0
175,90773.70561,69857.82952,37013.70639,14771.25,7365.93,1811.94,0,0,0,0,0,0,0,0,0,0,0,0,0
176,103537.04,76360.50148,40848.92835,14771.25,7365.93,1811.94,0,0,0,0,0,0,0,0,0,0,0,0,0
177,113671.65,80674.53887,43303.03448,14771.25,7365.93,1811.94,0,0,0,0,0,0,0,0,0,0,0,0,0
178,121844.2996,84318.52364,45403.44021,14771.25,7365.93,1811.94,0,0,0,0,0,0,0,0,0,0,0,0,0
179,128158.8869,85262.92048,45684.81531,14771.25,7365.93,1811.94,0,0,0,0,0,0,0,0,0,0,0,0,0
180,134621.756,87945.17067,47027.29161,14771.25,7365.93,1811.94,0,0,0,0,0,0,0,0,0,0,0,0,0
181,137719.5352,87116.01881,46408.06823,14771.25,7365.93,1811.94,0,0,0,0,0,0,0,0,0,0,0,0,0
182,137953.5582,85056.90734,45131.97267,14771.25,7365.93,1811.94,0,0,0,0,0,0,0,0,0,0,0,0,0
183,139415.1935,85865.66187,45531.24791,14771.25,7365.93,1811.94,0,0,0,0,0,0,0,0,0,0,0,0,0
184,143070.7949,87722.83967,46754.83332,14771.25,7365.93,1811.94,0,0,0,0,0,0,0,0,0,0,0,0,0
185,143505.5532,86609.14491,46297.1034,14771.25,7365.93,1811.94,0,0,0,0,0,0,0,0,0,0,0,0,0
186,149034.3476,93224.00224,49991.63781,14771.25,7365.93,1811.94,0,0,0,0,0,0,0,0,0,0,0,0,0
187,148008.4794,91398.44032,49113.82674,14771.25,7365.93,1811.94,0,0,0,0,0,0,0,0,0,0,0,0,0
188,138551.7292,85541.34417,46183.16629,14771.25,7365.93,1811.94,0,0,0,0,0,0,0,0,0,0,0,0,0
189,129899.9376,82532.73653,44592.00988,14771.25,7365.93,1811.94,0,0,0,0,0,0,0,0,0,0,0,0,0
190,117022.6179,73392.68853,39290.46694,14771.25,7365.93,1811.94,0,0,0,0,0,0,0,0,0,0,0,0,0
191,103034.6974,65170.52082,34428.82028,14771.25,7365.93,1811.94,0,0,0,0,0,0,0,0,0,0,0,0,0
192,90971.41473,58225.22659,30542.07893,14771.25,7365.93,1811.94,0,0,0,0,0,0,0,0,0,0,0,0,0
193,79547.66054,51497.16402,26709.82924,14771.25,7365.93,1811.94,0,0,0,0,0,0,0,0,0,0,0,0,0
194,73417.66899,49791.94641,26036.11419,14771.25,7365.93,1811.94,0,0,0,0,0,0,0,0,0,0,0,0,0
195,70883.76431,49266.71491,25979.64102,14771.25,7365.93,1811.94,0,0,0,0,0,0,0,0,0,0,0,0,0
196,69427.17261,49548.1982,26128.25463,14771.25,7365.93,1811.94,0,0,0,0,0,0,0,0,0,0,0,0,0
197,71122.83096,52147.83916,27429.11912,14771.25,7365.93,1811.94,0,0,0,0,0,0,0,0,0,0,0,0,0
198,78432.0162,59452.12658,31513.0212,14771.25,7365.93,1811.94,0,0,0,0,0,0,0,0,0,0,0,0,0
199,91543.35898,67677.35389,36063.57002,14771.25,7365.93,1811.94,0,0,0,0,0,0,0,0,0,0,0,0,0
200,103014.523,72845.01995,39152.75165,14771.25,7365.93,1811.94,0,0,0,0,0,0,0,0,0,0,0,0,0
201,114630.9427,79232.44694,42742.26578,14771.25,7365.93,1811.94,0,0,0,0,0,0,0,0,0,0,0,0,0
202,123293.8302,81382.32656,43944.05453,14771.25,7365.93,1811.94,0,0,0,0,0,0,0,0,0,0,0,0,0
203,130332.6785,83233.38516,44561.2964,14771.25,7365.93,1811.94,0,0,0,0,0,0,0,0,0,0,0,0,0
204,137560.1574,85762.6553,45785.87257,14771.25,7365.93,1811.94,0,0,0,0,0,0,0,0,0,0,0,0,0
205,141584.9503,85474.03295,45531.24791,14771.25,7365.93,1811.94,0,0,0,0,0,0,0,0,0,0,0,0,0
206,141887.5663,83030.43163,44122.39086,14771.25,7365.93,1811.94,0,0,0,0,0,0,0,0,0,0,0,0,0
207,143681.0705,84081.9145,44766.38319,14771.25,7365.93,1811.94,0,0,0,0,0,0,0,0,0,0,0,0,0
208,148456.3511,86545.91316,46327.81688,14771.25,7365.93,1811.94,0,0,0,0,0,0,0,0,0,0,0,0,0
209,150409.233,86360.29736,46391.22535,14771.25,7365.93,1811.94,0,0,0,0,0,0,0,0,0,0,0,0,0
210,155462.9203,92455.02252,49671.62316,14771.25,7365.93,1811.94,0,0,0,0,0,0,0,0,0,0,0,0,0
211,152981.4691,89830.90475,48298.43338,14771.25,7365.93,1811.94,0,0,0,0,0,0,0,0,0,0,0,0,0
212,143121.2309,84133.92771,45390.56036,14771.25,7365.93,1811.94,0,0,0,0,0,0,0,0,0,0,0,0,0
213,134433.1254,81922.85607,44290.81962,14771.25,7365.93,1811.94,0,0,0,0,0,0,0,0,0,0,0,0,0
214,122154.9853,74134.13183,39823.49443,14771.25,7365.93,1811.94,0,0,0,0,0,0,0,0,0,0,0,0,0
215,107339.9144,65703.91126,34877.63339,14771.25,7365.93,1811.94,0,0,0,0,0,0,0,0,0,0,0,0,0
216,95906.07305,60345.53007,30558.92181,14771.25,7365.93,1811.94,0,0,0,0,0,0,0,0,0,0,0,0,0
217,89613.67759,57740.78976,29326.41958,14771.25,7365.93,1811.94,0,0,0,0,0,0,0,0,0,0,0,0,0
218,85994.39017,56999.34646,29088.6378,14771.25,7365.93,1811.94,0,0,0,0,0,0,0,0,0,0,0,0,0
219,85006.85327,57697.95535,29821.79829,14771.25,7365.93,1811.94,0,0,0,0,0,0,0,0,0,0,0,0,0
220,87062.62466,61108.39058,31528.87332,14771.25,7365.93,1811.94,0,0,0,0,0,0,0,0,0,0,0,0,0
221,94887.26583,68949.12803,35932.79004,14771.25,7365.93,1811.94,0,0,0,0,0,0,0,0,0,0,0,0,0
222,116447.6475,90138.90458,48306.35944,14771.25,7365.93,1811.94,0,0,0,0,0,0,0,0,0,0,0,0,0
223,143065.7513,105038.1415,55711.28038,14771.25,7365.93,1811.94,0,0,0,0,0,0,0,0,0,0,0,0,0
224,153875.195,104548.6053,54791.8575,14771.25,7365.93,1811.94,0,0,0,0,0,0,0,0,0,0,0,0,0
225,153069.2277,99537.9988,51288.53927,14771.25,7365.93,1811.94,0,0,0,0,0,0,0,0,0,0,0,0,0
226,157131.3432,102553.7455,52802.4166,14771.25,7365.93,1811.94,0,0,0,0,0,0,0,0,0,0,0,0,0
227,164818.7985,105334.9228,53294.82304,14771.25,7365.93,1811.94,0,0,0,0,0,0,0,0,0,0,0,0,0
228,170651.2176,106495.5314,53531.61406,14771.25,7365.93,1811.94,0,0,0,0,0,0,0,0,0,0,0,0,0
229,174006.2204,105932.5649,52905.45538,14771.25,7365.93,1811.94,0,0,0,0,0,0,0,0,0,0,0,0,0
230,177979.5685,106629.134,53128.3758,14771.25,7365.93,1811.94,0,0,0,0,0,0,0,0,0,0,0,0,0
231,186064.4594,111706.0319,55999.59079,14771.25,7365.93,1811.94,0,0,0,0,0,0,0,0,0,0,0,0,0
232,199232.2905,119281.6039,60523.38917,14771.25,7365.93,1811.94,0,0,0,0,0,0,0,0,0,0,0,0,0
233,212954.9177,125926.0374,64675.65351,14771.25,7365.93,1811.94,0,0,0,0,0,0,0,0,0,0,0,0,0
234,204335.4051,115873.2085,59230.45073,14771.25,7365.93,1811.94,0,0,0,0,0,0,0,0,0,0,0,0,0
235,177214.9587,98928.11834,50351.28275,14771.25,7365.93,1811.94,0,0,0,0,0,0,0,0,0,0,0,0,0
236,159238.5593,93444.29351,47869.43542,14771.25,7365.93,1811.94,0,0,0,0,0,0,0,0,0,0,0,0,0
237,146265.4112,87175.17109,44056.01012,14771.25,7365.93,1811.94,0,0,0,0,0,0,0,0,0,0,0,0,0
238,129979.6265,77004.03756,38540.46357,14771.25,7365.93,1811.94,0,0,0,0,0,0,0,0,0,0,0,0,0
239,114252.6727,68934.84989,34352.53196,14771.25,7365.93,1811.94,0,0,0,0,0,0,0,0,0,0,0,0,0
240,100291.9877,61738.66838,30218.10126,14771.25,7365.93,1811.94,0,0,0,0,0,0,0,0,0,0,0,0,0
241,91370.86786,58608.69658,28775.55846,14771.25,7365.93,1811.94,0,0,0,0,0,0,0,0,0,0,0,0,0
242,87673.90899,57481.74355,28333.68065,14771.25,7365.93,1811.94,0,0,0,0,0,0,0,0,0,0,0,0,0
243,86670.23258,57903.96848,28906.33843,14771.25,7365.93,1811.94,0,0,0,0,0,0,0,0,0,0,0,0,0
244,88649.34125,60922.77479,30826.42631,14771.25,7365.93,1811.94,0,0,0,0,0,0,0,0,0,0,0,0,0
245,96697.91827,68530.98256,34991.5705,14771.25,7365.93,1811.94,0,0,0,0,0,0,0,0,0,0,0,0,0
246,118353.1196,89044.58729,47252.19355,14771.25,7365.93,1811.94,0,0,0,0,0,0,0,0,0,0,0,0,0
247,145443.3044,105956.0218,54937.49884,14771.25,7365.93,1811.94,0,0,0,0,0,0,0,0,0,0,0,0,0
248,155853.2949,106432.2997,54099.31807,14771.25,7365.93,1811.94,0,0,0,0,0,0,0,0,0,0,0,0,0
249,154950.4905,102174.355,50893.22706,14771.25,7365.93,1811.94,0,0,0,0,0,0,0,0,0,0,0,0,0
250,159234.5244,105805.0815,52632.00633,14771.25,7365.93,1811.94,0,0,0,0,0,0,0,0,0,0,0,0,0
251,166708.131,109128.828,53459.28877,14771.25,7365.93,1811.94,0,0,0,0,0,0,0,0,0,0,0,0,0
252,172089.6523,110997.2244,53836.76735,14771.25,7365.93,1811.94,0,0,0,0,0,0,0,0,0,0,0,0,0
253,174989.7224,111184.8799,53297.79531,14771.25,7365.93,1811.94,0,0,0,0,0,0,0,0,0,0,0,0,0
254,178147.016,112766.6936,53594.03178,14771.25,7365.93,1811.94,0,0,0,0,0,0,0,0,0,0,0,0,0
255,185727.547,118282.1343,56466.23754,14771.25,7365.93,1811.94,0,0,0,0,0,0,0,0,0,0,0,0,0
256,198406.1489,126627.7059,60846.37608,14771.25,7365.93,1811.94,0,0,0,0,0,0,0,0,0,0,0,0,0
257,211519.5091,133899.3576,64859.93438,14771.25,7365.93,1811.94,0,0,0,0,0,0,0,0,0,0,0,0,0
258,202249.3721,123075.5092,59418.69464,14771.25,7365.93,1811.94,0,0,0,0,0,0,0,0,0,0,0,0,0
259,174923.1469,104851.5058,50440.45092,14771.25,7365.93,1811.94,0,0,0,0,0,0,0,0,0,0,0,0,0
260,157271.5553,98218.29091,47813.953,14771.25,7365.93,1811.94,0,0,0,0,0,0,0,0,0,0,0,0,0
261,144641.372,90512.1759,44176.88252,14771.25,7365.93,1811.94,0,0,0,0,0,0,0,0,0,0,0,0,0
262,128768.1538,79649.57254,38671.24355,14771.25,7365.93,1811.94,0,0,0,0,0,0,0,0,0,0,0,0,0
263,113558.6733,71239.7493,34517.98845,14771.25,7365.93,1811.94,0,0,0,0,0,0,0,0,0,0,0,0,0
264,98247.31221,62702.44269,30955.22478,14771.25,7365.93,1811.94,0,0,0,0,0,0,0,0,0,0,0,0,0
265,91178.20233,60402.64262,29670.2124,14771.25,7365.93,1811.94,0,0,0,0,0,0,0,0,0,0,0,0,0
266,88820.82365,59795.82176,29193.65809,14771.25,7365.93,1811.94,0,0,0,0,0,0,0,0,0,0,0,0,0
267,88961.03574,60651.49017,29648.41574,14771.25,7365.93,1811.94,0,0,0,0,0,0,0,0,0,0,0,0,0
268,92044.69283,64007.87244,31393.13955,14771.25,7365.93,1811.94,0,0,0,0,0,0,0,0,0,0,0,0,0
269,100776.1733,71882.26551,35526.5795,14771.25,7365.93,1811.94,0,0,0,0,0,0,0,0,0,0,0,0,0
270,123196.9931,93467.75045,47724.78484,14771.25,7365.93,1811.94,0,0,0,0,0,0,0,0,0,0,0,0,0
271,147914.6684,108557.7025,55888.62596,14771.25,7365.93,1811.94,0,0,0,0,0,0,0,0,0,0,0,0,0
272,155973.3326,107383.8356,54933.53581,14771.25,7365.93,1811.94,0,0,0,0,0,0,0,0,0,0,0,0,0
273,152990.5475,101279.9316,51490.65378,14771.25,7365.93,1811.94,0,0,0,0,0,0,0,0,0,0,0,0,0
274,155400.3797,103846.9369,53074.87489,14771.25,7365.93,1811.94,0,0,0,0,0,0,0,0,0,0,0,0,0
275,160364.2909,105142.1679,53645.55117,14771.25,7365.93,1811.94,0,0,0,0,0,0,0,0,0,0,0,0,0
276,163768.7209,105751.0285,53879.36992,14771.25,7365.93,1811.94,0,0,0,0,0,0,0,0,0,0,0,0,0
277,164882.3478,104574.102,53133.32958,14771.25,7365.93,1811.94,0,0,0,0,0,0,0,0,0,0,0,0,0
278,166176.5356,104870.8833,53360.21303,14771.25,7365.93,1811.94,0,0,0,0,0,0,0,0,0,0,0,0,0
279,173011.6224,109919.2249,56307.71635,14771.25,7365.93,1811.94,0,0,0,0,0,0,0,0,0,0,0,0,0
280,184975.0418,117492.7572,60850.33911,14771.25,7365.93,1811.94,0,0,0,0,0,0,0,0,0,0,0,0,0
281,197542.6845,124629.7865,65052.14132,14771.25,7365.93,1811.94,0,0,0,0,0,0,0,0,0,0,0,0,0
282,188976.6341,114469.8715,59658.45794,14771.25,7365.93,1811.94,0,0,0,0,0,0,0,0,0,0,0,0,0
283,163733.4157,98106.10554,50691.11255,14771.25,7365.93,1811.94,0,0,0,0,0,0,0,0,0,0,0,0,0
284,148147.6827,93603.39276,48176.57022,14771.25,7365.93,1811.94,0,0,0,0,0,0,0,0,0,0,0,0,0
285,137738.7009,87094.6016,44340.3575,14771.25,7365.93,1811.94,0,0,0,0,0,0,0,0,0,0,0,0,0
286,123759.8589,77346.71287,38901.09927,14771.25,7365.93,1811.94,0,0,0,0,0,0,0,0,0,0,0,0,0
287,110822.0159,70100.55787,34867.72582,14771.25,7365.93,1811.94,0,0,0,0,0,0,0,0,0,0,0,0,0
288,98355.24525,63046.13787,31391.15804,14771.25,7365.93,1811.94,0,0,0,0,0,0,0,0,0,0,0,0,0
289,92530.89588,61154.28459,30158.65581,14771.25,7365.93,1811.94,0,0,0,0,0,0,0,0,0,0,0,0,0
290,91260.91737,61026.80122,29759.38057,14771.25,7365.93,1811.94,0,0,0,0,0,0,0,0,0,0,0,0,0
291,92167.75667,62265.93962,30330.05684,14771.25,7365.93,1811.94,0,0,0,0,0,0,0,0,0,0,0,0,0
292,95993.83169,66045.5667,32145.12443,14771.25,7365.93,1811.94,0,0,0,0,0,0,0,0,0,0,0,0,0
293,104962.3614,74116.79409,36458.88223,14771.25,7365.93,1811.94,0,0,0,0,0,0,0,0,0,0,0,0,0
294,128461.5029,96056.17288,48853.25754,14771.25,7365.93,1811.94,0,0,0,0,0,0,0,0,0,0,0,0,0
295,151346.3339,109649.9801,56883.34641,14771.25,7365.93,1811.94,0,0,0,0,0,0,0,0,0,0,0,0,0
296,157289.7122,107583.7295,55585.45419,14771.25,7365.93,1811.94,0,0,0,0,0,0,0,0,0,0,0,0,0
297,152440.7951,100969.8921,51761.13056,14771.25,7365.93,1811.94,0,0,0,0,0,0,0,0,0,0,0,0,0
298,153527.1866,103312.5265,53116.48671,14771.25,7365.93,1811.94,0,0,0,0,0,0,0,0,0,0,0,0,0
299,157049.6369,104507.8107,53517.74346,14771.25,7365.93,1811.94,0,0,0,0,0,0,0,0,0,0,0,0,0
300,159856.9047,105083.0156,53751.56221,14771.25,7365.93,1811.94,0,0,0,0,0,0,0,0,0,0,0,0,0
301,160395.5612,104014.195,52993.63279,14771.25,7365.93,1811.94,0,0,0,0,0,0,0,0,0,0,0,0,0
302,161529.3625,104253.8638,53189.80276,14771.25,7365.93,1811.94,0,0,0,0,0,0,0,0,0,0,0,0,0
303,168066.8769,109195.1194,56110.55562,14771.25,7365.93,1811.94,0,0,0,0,0,0,0,0,0,0,0,0,0
304,179596.5467,116751.3139,60629.40021,14771.25,7365.93,1811.94,0,0,0,0,0,0,0,0,0,0,0,0,0
305,191666.8904,123678.2506,64896.59241,14771.25,7365.93,1811.94,0,0,0,0,0,0,0,0,0,0,0,0,0
306,183886.6329,113685.5937,59379.06435,14771.25,7365.93,1811.94,0,0,0,0,0,0,0,0,0,0,0,0,0
307,159608.7596,97377.92051,50547.45272,14771.25,7365.93,1811.94,0,0,0,0,0,0,0,0,0,0,0,0,0
308,144716.0172,92764.04222,48288.52581,14771.25,7365.93,1811.94,0,0,0,0,0,0,0,0,0,0,0,0,0
309,134615.7037,86462.28406,44349.27431,14771.25,7365.93,1811.94,0,0,0,0,0,0,0,0,0,0,0,0,0
310,121174.5095,76565.49475,38890.20094,14771.25,7365.93,1811.94,0,0,0,0,0,0,0,0,0,0,0,0,0
311,108553.4046,68983.80351,34852.86446,14771.25,7365.93,1811.94,0,0,0,0,0,0,0,0,0,0,0,0,0
312,97016.67379,61622.40354,30949.28023,14771.25,7365.93,1811.94,0,0,0,0,0,0,0,0,0,0,0,0,0
313,91392.05098,59513.3186,29719.75027,14771.25,7365.93,1811.94,0,0,0,0,0,0,0,0,0,0,0,0,0
314,90015.14815,59157.38502,29395.7726,14771.25,7365.93,1811.94,0,0,0,0,0,0,0,0,0,0,0,0,0
315,90835.23753,60246.60297,30004.09765,14771.25,7365.93,1811.94,0,0,0,0,0,0,0,0,0,0,0,0,0
316,94363.74015,63715.17062,31791.42404,14771.25,7365.93,1811.94,0,0,0,0,0,0,0,0,0,0,0,0,0
317,103166.8397,71761.9212,36119.05244,14771.25,7365.93,1811.94,0,0,0,0,0,0,0,0,0,0,0,0,0
318,126655.894,93528.94247,48347.97125,14771.25,7365.93,1811.94,0,0,0,0,0,0,0,0,0,0,0,0,0
319,148664.1474,106948.3524,55814.31916,14771.25,7365.93,1811.94,0,0,0,0,0,0,0,0,0,0,0,0,0
320,154966.63,105606.2074,54689.80949,14771.25,7365.93,1811.94,0,0,0,0,0,0,0,0,0,0,0,0,0
321,150658.3869,99535.95907,51053.72976,14771.25,7365.93,1811.94,0,0,0,0,0,0,0,0,0,0,0,0,0
322,152145.2402,102089.706,52473.48514,14771.25,7365.93,1811.94,0,0,0,0,0,0,0,0,0,0,0,0,0
323,156153.8935,103760.2482,53085.77323,14771.25,7365.93,1811.94,0,0,0,0,0,0,0,0,0,0,0,0,0
324,159227.4634,104497.612,53321.57349,14771.25,7365.93,1811.94,0,0,0,0,0,0,0,0,0,0,0,0,0
325,160166.5817,103563.4138,52744.95267,14771.25,7365.93,1811.94,0,0,0,0,0,0,0,0,0,0,0,0,0
326,161780.5338,103880.5925,52946.07643,14771.25,7365.93,1811.94,0,0,0,0,0,0,0,0,0,0,0,0,0
327,168724.5624,108798.3911,55752.8922,14771.25,7365.93,1811.94,0,0,0,0,0,0,0,0,0,0,0,0,0
328,180798.941,116256.6784,60216.25437,14771.25,7365.93,1811.94,0,0,0,0,0,0,0,0,0,0,0,0,0
329,193171.9007,122989.8403,64248.63706,14771.25,7365.93,1811.94,0,0,0,0,0,0,0,0,0,0,0,0,0
330,185337.1723,112963.5279,58711.29385,14771.25,7365.93,1811.94,0,0,0,0,0,0,0,0,0,0,0,0,0
331,160291.663,96407.00713,49801.41239,14771.25,7365.93,1811.94,0,0,0,0,0,0,0,0,0,0,0,0,0
332,144749.305,91748.2547,47420.62231,14771.25,7365.93,1811.94,0,0,0,0,0,0,0,0,0,0,0,0,0
333,134505.7532,85861.5824,43830.11743,14771.25,7365.93,1811.94,0,0,0,0,0,0,0,0,0,0,0,0,0
334,120737.7337,76085.13739,38402.74829,14771.25,7365.93,1811.94,0,0,0,0,0,0,0,0,0,0,0,0,0
335,107594.1119,68302.53236,34227.69653,14771.25,7365.93,1811.94,0,0,0,0,0,0,0,0,0,0,0,0,0
336,93058.45644,58303.75634,30563.8756,14771.25,7365.93,1811.94,0,0,0,0,0,0,0,0,0,0,0,0,0
337,97961.84445,55879.5325,28309.90247,14771.25,7365.93,1811.94,0,0,0,0,0,0,0,0,0,0,0,0,0
338,90404.51408,53078.97773,26970.39844,14771.25,7365.93,1811.94,0,0,0,0,0,0,0,0,0,0,0,0,0
339,86114.42785,51431.89253,26150.0513,14771.25,7365.93,1811.94,0,0,0,0,0,0,0,0,0,0,0,0,0
340,83203.26188,50541.54865,25623.95911,14771.25,7365.93,1811.94,0,0,0,0,0,0,0,0,0,0,0,0,0
341,84436.92646,52986.16983,26877.26724,14771.25,7365.93,1811.94,0,0,0,0,0,0,0,0,0,0,0,0,0
342,93731.2727,60377.14594,30970.08614,14771.25,7365.93,1811.94,0,0,0,0,0,0,0,0,0,0,0,0,0
343,105095.5124,67343.85738,34765.67781,14771.25,7365.93,1811.94,0,0,0,0,0,0,0,0,0,0,0,0,0
344,118747.5291,75300.85967,38989.27668,14771.25,7365.93,1811.94,0,0,0,0,0,0,0,0,0,0,0,0,0
345,136694.6757,86722.35015,45084.41632,14771.25,7365.93,1811.94,0,0,0,0,0,0,0,0,0,0,0,0,0
346,154401.7468,94229.59109,48897.84162,14771.25,7365.93,1811.94,0,0,0,0,0,0,0,0,0,0,0,0,0
347,165464.3793,98898.54219,51219.18625,14771.25,7365.93,1811.94,0,0,0,0,0,0,0,0,0,0,0,0,0
348,177459.069,105846.896,54870.12734,14771.25,7365.93,1811.94,0,0,0,0,0,0,0,0,0,0,0,0,0
349,183615.2872,106047.8098,55061.34352,14771.25,7365.93,1811.94,0,0,0,0,0,0,0,0,0,0,0,0,0
350,186554.6974,106625.0545,55446.74815,14771.25,7365.93,1811.94,0,0,0,0,0,0,0,0,0,0,0,0,0
351,189787.645,107624.5242,55938.16383,14771.25,7365.93,1811.94,0,0,0,0,0,0,0,0,0,0,0,0,0
352,196476.4675,111834.5352,58350.65815,14771.25,7365.93,1811.94,0,0,0,0,0,0,0,0,0,0,0,0,0
353,200240.0018,110233.344,57538.23706,14771.25,7365.93,1811.94,0,0,0,0,0,0,0,0,0,0,0,0,0
354,197131.1268,110503.6087,58348.67663,14771.25,7365.93,1811.94,0,0,0,0,0,0,0,0,0,0,0,0,0
355,190114.4703,107299.1866,56863.53126,14771.25,7365.93,1811.94,0,0,0,0,0,0,0,0,0,0,0,0,0
356,175810.8205,99388.07835,52933.19658,14771.25,7365.93,1811.94,0,0,0,0,0,0,0,0,0,0,0,0,0
357,161219.6854,92585.5655,49442.7582,14771.25,7365.93,1811.94,0,0,0,0,0,0,0,0,0,0,0,0,0
358,145263.7522,83200.74941,44219.48509,14771.25,7365.93,1811.94,0,0,0,0,0,0,0,0,0,0,0,0,0
359,128606.7586,73589.52286,38740.59657,14771.25,7365.93,1811.94,0,0,0,0,0,0,0,0,0,0,0,0,0
360,111045.9518,63061.43587,32787.13524,14771.25,7365.93,1811.94,0,0,0,0,0,0,0,0,0,0,0,0,0
361,96915.80179,55952.96292,28730.97437,14771.25,7365.93,1811.94,0,0,0,0,0,0,0,0,0,0,0,0,0
362,89513.8143,53200.3419,27420.20231,14771.25,7365.93,1811.94,0,0,0,0,0,0,0,0,0,0,0,0,0
363,85262.05943,51482.88588,26560.22487,14771.25,7365.93,1811.94,0,0,0,0,0,0,0,0,0,0,0,0,0
364,82306.50978,50446.70102,26015.30829,14771.25,7365.93,1811.94,0,0,0,0,0,0,0,0,0,0,0,0,0
365,83164.93052,52520.09062,27094.24312,14771.25,7365.93,1811.94,0,0,0,0,0,0,0,0,0,0,0,0,0
366,91569.5857,59580.62982,30960.17856,14771.25,7365.93,1811.94,0,0,0,0,0,0,0,0,0,0,0,0,0
367,102762.343,66145.51366,34273.27137,14771.25,7365.93,1811.94,0,0,0,0,0,0,0,0,0,0,0,0,0
368,116043.1508,73602.78113,38078.77061,14771.25,7365.93,1811.94,0,0,0,0,0,0,0,0,0,0,0,0,0
369,133666.4982,84102.31184,43588.37262,14771.25,7365.93,1811.94,0,0,0,0,0,0,0,0,0,0,0,0,0
370,150783.4681,90968.05644,46996.57813,14771.25,7365.93,1811.94,0,0,0,0,0,0,0,0,0,0,0,0,0
371,161586.8595,95149.51112,49031.59387,14771.25,7365.93,1811.94,0,0,0,0,0,0,0,0,0,0,0,0,0
372,173908.3745,102067.2689,52422.95651,14771.25,7365.93,1811.94,0,0,0,0,0,0,0,0,0,0,0,0,0
373,179902.1889,102134.5802,52265.42608,14771.25,7365.93,1811.94,0,0,0,0,0,0,0,0,0,0,0,0,0
374,182914.2268,102785.2553,52326.85304,14771.25,7365.93,1811.94,0,0,0,0,0,0,0,0,0,0,0,0,0
375,186254.0988,103864.2746,52632.00633,14771.25,7365.93,1811.94,0,0,0,0,0,0,0,0,0,0,0,0,0
376,192892.4852,108516.9078,55159.4285,14771.25,7365.93,1811.94,0,0,0,0,0,0,0,0,0,0,0,0,0
377,196608.6098,107406.2727,54635.31783,14771.25,7365.93,1811.94,0,0,0,0,0,0,0,0,0,0,0,0,0
378,195326.5266,109324.6425,56222.51121,14771.25,7365.93,1811.94,0,0,0,0,0,0,0,0,0,0,0,0,0
379,188387.5416,106081.4654,55032.61155,14771.25,7365.93,1811.94,0,0,0,0,0,0,0,0,0,0,0,0,0
380,174415.7607,98462.03912,51368.79062,14771.25,7365.93,1811.94,0,0,0,0,0,0,0,0,0,0,0,0,0
381,160112.1109,91950.18836,48118.11553,14771.25,7365.93,1811.94,0,0,0,0,0,0,0,0,0,0,0,0,0
382,143972.5906,82724.47153,43126.67966,14771.25,7365.93,1811.94,0,0,0,0,0,0,0,0,0,0,0,0,0
383,127080.5652,73213.19194,37713.18113,14771.25,7365.93,1811.94,0,0,0,0,0,0,0,0,0,0,0,0,0
384,112732.5317,66818.62588,32602.85436,14771.25,7365.93,1811.94,0,0,0,0,0,0,0,0,0,0,0,0,0
385,103737.7753,62592.29706,30262.68534,14771.25,7365.93,1811.94,0,0,0,0,0,0,0,0,0,0,0,0,0
386,98805.13438,60733.07952,29210.50096,14771.25,7365.93,1811.94,0,0,0,0,0,0,0,0,0,0,0,0,0
387,96568.8021,60231.30496,29048.01675,14771.25,7365.93,1811.94,0,0,0,0,0,0,0,0,0,0,0,0,0
388,96763.48507,61635.66181,29856.4748,14771.25,7365.93,1811.94,0,0,0,0,0,0,0,0,0,0,0,0,0
389,102989.305,68054.70468,33110.12216,14771.25,7365.93,1811.94,0,0,0,0,0,0,0,0,0,0,0,0,0
390,123564.1672,86005.38365,42740.28427,14771.25,7365.93,1811.94,0,0,0,0,0,0,0,0,0,0,0,0,0
391,148488.6301,101890.832,50805.04965,14771.25,7365.93,1811.94,0,0,0,0,0,0,0,0,0,0,0,0,0
392,163475.1834,107944.7624,53449.3812,14771.25,7365.93,1811.94,0,0,0,0,0,0,0,0,0,0,0,0,0
393,169328.7856,109447.0265,53795.15554,14771.25,7365.93,1811.94,0,0,0,0,0,0,0,0,0,0,0,0,0
394,178666.5068,115138.9042,56455.33921,14771.25,7365.93,1811.94,0,0,0,0,0,0,0,0,0,0,0,0,0
395,187434.3012,119971.034,58695.44173,14771.25,7365.93,1811.94,0,0,0,0,0,0,0,0,0,0,0,0,0
396,195066.2769,123667.032,60270.74602,14771.25,7365.93,1811.94,0,0,0,0,0,0,0,0,0,0,0,0,0
397,200227.8972,125136.6604,60758.19867,14771.25,7365.93,1811.94,0,0,0,0,0,0,0,0,0,0,0,0,0
398,204703.5879,127181.4937,61696.44595,14771.25,7365.93,1811.94,0,0,0,0,0,0,0,0,0,0,0,0,0
399,214991.5234,134527.5956,65606.96548,14771.25,7365.93,1811.94,0,0,0,0,0,0,0,0,0,0,0,0,0
400,227400.797,141420.8767,69487.76229,14771.25,7365.93,1811.94,0,0,0,0,0,0,0,0,0,0,0,0,0
401,241016.4998,148375.3497,73340.81788,14771.25,7365.93,1811.94,0,0,0,0,0,0,0,0,0,0,0,0,0
402,225610.319,132585.7689,65213.63478,14771.25,7365.93,1811.94,0,0,0,0,0,0,0,0,0,0,0,0,0
403,194259.3009,112268.9985,54442.12013,14771.25,7365.93,1811.94,0,0,0,0,0,0,0,0,0,0,0,0,0
404,174237.2172,105313.5056,51257.82579,14771.25,7365.93,1811.94,0,0,0,0,0,0,0,0,0,0,0,0,0
405,159726.7798,96904.70222,47364.14914,14771.25,7365.93,1811.94,0,0,0,0,0,0,0,0,0,0,0,0,0
406,143383.4981,86273.60867,41931.82621,14771.25,7365.93,1811.94,0,0,0,0,0,0,0,0,0,0,0,0,0
407,127347.876,77071.34878,37234.64529,14771.25,7365.93,1811.94,0,0,0,0,0,0,0,0,0,0,0,0,0
408,112093.0032,67661.03602,32407.67515,14771.25,7365.93,1811.94,0,0,0,0,0,0,0,0,0,0,0,0,0
409,102483.9363,63283.76688,30060.57083,14771.25,7365.93,1811.94,0,0,0,0,0,0,0,0,0,0,0,0,0
410,97625.94068,61281.76797,28984.60827,14771.25,7365.93,1811.94,0,0,0,0,0,0,0,0,0,0,0,0,0
411,95389.6084,60642.31136,28765.65088,14771.25,7365.93,1811.94,0,0,0,0,0,0,0,0,0,0,0,0,0
412,95705.33777,61956.91992,29514.66349,14771.25,7365.93,1811.94,0,0,0,0,0,0,0,0,0,0,0,0,0
413,101963.4368,68251.53901,32683.10571,14771.25,7365.93,1811.94,0,0,0,0,0,0,0,0,0,0,0,0,0
414,122261.9097,86194.05904,42299.39721,14771.25,7365.93,1811.94,0,0,0,0,0,0,0,0,0,0,0,0,0
415,147227.7301,102291.6397,50162.04809,14771.25,7365.93,1811.94,0,0,0,0,0,0,0,0,0,0,0,0,0
416,162526.9866,108671.9276,52599.31133,14771.25,7365.93,1811.94,0,0,0,0,0,0,0,0,0,0,0,0,0
417,168046.7025,110283.3175,52791.51827,14771.25,7365.93,1811.94,0,0,0,0,0,0,0,0,0,0,0,0,0
418,177234.1244,116222.003,55279.31015,14771.25,7365.93,1811.94,0,0,0,0,0,0,0,0,0,0,0,0,0
419,186448.7818,121114.3049,57447.08738,14771.25,7365.93,1811.94,0,0,0,0,0,0,0,0,0,0,0,0,0
420,194437.8443,125015.2962,58911.42685,14771.25,7365.93,1811.94,0,0,0,0,0,0,0,0,0,0,0,0,0
421,199379.5637,126603.2291,59263.14573,14771.25,7365.93,1811.94,0,0,0,0,0,0,0,0,0,0,0,0,0
422,203816.923,128800.0226,60090.42817,14771.25,7365.93,1811.94,0,0,0,0,0,0,0,0,0,0,0,0,0
423,214159.3294,136310.3232,63929.61317,14771.25,7365.93,1811.94,0,0,0,0,0,0,0,0,0,0,0,0,0
424,226616.0128,143290.2929,67836.16967,14771.25,7365.93,1811.94,0,0,0,0,0,0,0,0,0,0,0,0,0
425,240529.288,150315.1367,71828.92206,14771.25,7365.93,1811.94,0,0,0,0,0,0,0,0,0,0,0,0,0
426,226319.4492,134262.4302,64093.08814,14771.25,7365.93,1811.94,0,0,0,0,0,0,0,0,0,0,0,0,0
427,195322.4918,113846.7327,53693.10752,14771.25,7365.93,1811.94,0,0,0,0,0,0,0,0,0,0,0,0,0
428,175151.1176,106630.1539,50564.2956,14771.25,7365.93,1811.94,0,0,0,0,0,0,0,0,0,0,0,0,0
429,160704.2295,97947.00629,46844.99225,14771.25,7365.93,1811.94,0,0,0,0,0,0,0,0,0,0,0,0,0
430,144319.5903,87164.97242,41589.02415,14771.25,7365.93,1811.94,0,0,0,0,0,0,0,0,0,0,0,0,0
431,128306.16,77831.14969,36980.02064,14771.25,7365.93,1811.94,0,0,0,0,0,0,0,0,0,0,0,0,0
432,112968.5721,68059.80401,32696.97632,14771.25,7365.93,1811.94,0,0,0,0,0,0,0,0,0,0,0,0,0
433,103198.1101,63686.61434,30256.7408,14771.25,7365.93,1811.94,0,0,0,0,0,0,0,0,0,0,0,0,0
434,98383.48941,61615.26447,29095.5731,14771.25,7365.93,1811.94,0,0,0,0,0,0,0,0,0,0,0,0,0
435,96066.45953,60915.63572,28822.12405,14771.25,7365.93,1811.94,0,0,0,0,0,0,0,0,0,0,0,0,0
436,96338.81394,62175.17145,29519.61728,14771.25,7365.93,1811.94,0,0,0,0,0,0,0,0,0,0,0,0,0
437,102659.4536,68515.68456,32695.98556,14771.25,7365.93,1811.94,0,0,0,0,0,0,0,0,0,0,0,0,0
438,122923.63,86508.17808,42357.8519,14771.25,7365.93,1811.94,0,0,0,0,0,0,0,0,0,0,0,0,0
439,148189.0403,102831.1493,50731.7336,14771.25,7365.93,1811.94,0,0,0,0,0,0,0,0,0,0,0,0,0
440,163661.7966,109418.4702,53736.70085,14771.25,7365.93,1811.94,0,0,0,0,0,0,0,0,0,0,0,0,0
441,169922.9217,111501.0386,54486.70422,14771.25,7365.93,1811.94,0,0,0,0,0,0,0,0,0,0,0,0,0
442,179909.2499,117645.7373,57650.19265,14771.25,7365.93,1811.94,0,0,0,0,0,0,0,0,0,0,0,0,0
443,189520.3342,122667.5624,60276.69057,14771.25,7365.93,1811.94,0,0,0,0,0,0,0,0,0,0,0,0,0
444,197870.5185,126666.4609,62211.63981,14771.25,7365.93,1811.94,0,0,0,0,0,0,0,0,0,0,0,0,0
445,203529.4378,128283.9699,63074.58952,14771.25,7365.93,1811.94,0,0,0,0,0,0,0,0,0,0,0,0,0
446,208883.7237,130533.7965,64277.36902,14771.25,7365.93,1811.94,0,0,0,0,0,0,0,0,0,0,0,0,0
447,219917.1032,138131.8056,68577.25622,14771.25,7365.93,1811.94,0,0,0,0,0,0,0,0,0,0,0,0,0
448,233262.469,145145.4309,72581.8977,14771.25,7365.93,1811.94,0,0,0,0,0,0,0,0,0,0,0,0,0
449,248048.287,152177.4139,76539.97359,14771.25,7365.93,1811.94,0,0,0,0,0,0,0,0,0,0,0,0,0
450,232997.1757,136057.3961,68370.18792,14771.25,7365.93,1811.94,0,0,0,0,0,0,0,0,0,0,0,0,0
451,200765.545,115556.0298,57422.31845,14771.25,7365.93,1811.94,0,0,0,0,0,0,0,0,0,0,0,0,0
452,179667.1571,108265.0007,53878.37916,14771.25,7365.93,1811.94,0,0,0,0,0,0,0,0,0,0,0,0,0
453,164599.9062,99432.9525,49615.14999,14771.25,7365.93,1811.94,0,0,0,0,0,0,0,0,0,0,0,0,0
454,147737.1337,88562.1902,43815.25606,14771.25,7365.93,1811.94,0,0,0,0,0,0,0,0,0,0,0,0,0
455,131313.1544,79155.95691,38780.22686,14771.25,7365.93,1811.94,0,0,0,0,0,0,0,0,0,0,0,0,0
456,115169.5992,69611.02171,33726.37327,14771.25,7365.93,1811.94,0,0,0,0,0,0,0,0,0,0,0,0,0
457,105104.5909,65119.52747,31191.02504,14771.25,7365.93,1811.94,0,0,0,0,0,0,0,0,0,0,0,0,0
458,100084.1914,62933.9525,29893.13282,14771.25,7365.93,1811.94,0,0,0,0,0,0,0,0,0,0,0,0,0
459,97753.0394,62211.88667,29546.36773,14771.25,7365.93,1811.94,0,0,0,0,0,0,0,0,0,0,0,0,0
460,97926.53925,63438.78666,30186.39702,14771.25,7365.93,1811.94,0,0,0,0,0,0,0,0,0,0,0,0,0
461,104239.1091,69805.81631,33388.52499,14771.25,7365.93,1811.94,0,0,0,0,0,0,0,0,0,0,0,0,0
462,124611.2186,87917.63426,43076.15103,14771.25,7365.93,1811.94,0,0,0,0,0,0,0,0,0,0,0,0,0
463,149889.7422,104492.5127,51579.82195,14771.25,7365.93,1811.94,0,0,0,0,0,0,0,0,0,0,0,0,0
464,165549.1117,111621.383,54713.58766,14771.25,7365.93,1811.94,0,0,0,0,0,0,0,0,0,0,0,0,0
465,171875.8037,113917.1036,55615.17692,14771.25,7365.93,1811.94,0,0,0,0,0,0,0,0,0,0,0,0,0
466,182014.4486,120310.6497,58773.71156,14771.25,7365.93,1811.94,0,0,0,0,0,0,0,0,0,0,0,0,0
467,191668.9079,125473.2165,61224.84542,14771.25,7365.93,1811.94,0,0,0,0,0,0,0,0,0,0,0,0,0
468,199608.5431,129836.2075,63140.97026,14771.25,7365.93,1811.94,0,0,0,0,0,0,0,0,0,0,0,0,0
469,204561.3584,131762.7362,63964.28968,14771.25,7365.93,1811.94,0,0,0,0,0,0,0,0,0,0,0,0,0
470,208999.7265,134203.2779,65251.28357,14771.25,7365.93,1811.94,0,0,0,0,0,0,0,0,0,0,0,0,0
471,219455.1094,141573.8567,69422.3723,14771.25,7365.93,1811.94,0,0,0,0,0,0,0,0,0,0,0,0,0
472,232031.8306,148500.7933,73413.14318,14771.25,7365.93,1811.94,0,0,0,0,0,0,0,0,0,0,0,0,0
473,246702.6545,155547.0544,77439.58132,14771.25,7365.93,1811.94,0,0,0,0,0,0,0,0,0,0,0,0,0
474,232760.1265,138669.2755,69229.1746,14771.25,7365.93,1811.94,0,0,0,0,0,0,0,0,0,0,0,0,0
475,200954.1756,117622.2803,58314.99088,14771.25,7365.93,1811.94,0,0,0,0,0,0,0,0,0,0,0,0,0
476,180003.0609,110136.4566,54868.14582,14771.25,7365.93,1811.94,0,0,0,0,0,0,0,0,0,0,0,0,0
477,165058.8738,100896.4616,50414.69123,14771.25,7365.93,1811.94,0,0,0,0,0,0,0,0,0,0,0,0,0
478,148299.9995,89868.63982,44596.96367,14771.25,7365.93,1811.94,0,0,0,0,0,0,0,0,0,0,0,0,0
479,131776.1569,80181.94311,39509.42432,14771.25,7365.93,1811.94,0,0,0,0,0,0,0,0,0,0,0,0,0
480,115753.6481,69860.88913,34542.75739,14771.25,7365.93,1811.94,0,0,0,0,0,0,0,0,0,0,0,0,0
481,105312.3872,65219.47443,31875.63842,14771.25,7365.93,1811.94,0,0,0,0,0,0,0,0,0,0,0,0,0
482,100246.5953,62978.82665,30523.25454,14771.25,7365.93,1811.94,0,0,0,0,0,0,0,0,0,0,0,0,0
483,97745.97836,62174.15159,30121.99779,14771.25,7365.93,1811.94,0,0,0,0,0,0,0,0,0,0,0,0,0
484,97875.09453,63336.79996,30676.82194,14771.25,7365.93,1811.94,0,0,0,0,0,0,0,0,0,0,0,0,0
485,104121.0889,69651.81639,33875.97764,14771.25,7365.93,1811.94,0,0,0,0,0,0,0,0,0,0,0,0,0
486,124589.0267,87799.32969,43615.12307,14771.25,7365.93,1811.94,0,0,0,0,0,0,0,0,0,0,0,0,0
487,149967.4136,104303.8373,52320.9085,14771.25,7365.93,1811.94,0,0,0,0,0,0,0,0,0,0,0,0,0
488,166068.6026,111298.0851,55818.28219,14771.25,7365.93,1811.94,0,0,0,0,0,0,0,0,0,0,0,0,0
489,172765.4947,113584.6269,56969.54231,14771.25,7365.93,1811.94,0,0,0,0,0,0,0,0,0,0,0,0,0
490,183208.7731,119897.6036,60322.26541,14771.25,7365.93,1811.94,0,0,0,0,0,0,0,0,0,0,0,0,0
491,193077.081,124993.879,62791.2329,14771.25,7365.93,1811.94,0,0,0,0,0,0,0,0,0,0,0,0,0
492,201589.6692,129314.0356,64883.71256,14771.25,7365.93,1811.94,0,0,0,0,0,0,0,0,0,0,0,0,0
493,206803.743,131081.4651,65656.50335,14771.25,7365.93,1811.94,0,0,0,0,0,0,0,0,0,0,0,0,0
494,211455.9597,133410.8413,66791.91135,14771.25,7365.93,1811.94,0,0,0,0,0,0,0,0,0,0,0,0,0
495,221735.8254,140485.6586,70617.22574,14771.25,7365.93,1811.94,0,0,0,0,0,0,0,0,0,0,0,0,0
496,234324.6512,147136.2113,74447.49392,14771.25,7365.93,1811.94,0,0,0,0,0,0,0,0,0,0,0,0,0
497,248957.1438,153944.8434,78347.11512,14771.25,7365.93,1811.94,0,0,0,0,0,0,0,0,0,0,0,0,0
498,234448.7238,137163.9518,69742.38694,14771.25,7365.93,1811.94,0,0,0,0,0,0,0,0,0,0,0,0,0
499,202078.8984,116132.2547,58743.98884,14771.25,7365.93,1811.94,0,0,0,0,0,0,0,0,0,0,0,0,0
500,180936.1269,108891.199,54951.36945,14771.25,7365.93,1811.94,0,0,0,0,0,0,0,0,0,0,0,0,0
501,166028.2538,99942.886,50496.92409,14771.25,7365.93,1811.94,0,0,0,0,0,0,0,0,0,0,0,0,0
502,149395.4694,89101.69984,44753.50334,14771.25,7365.93,1811.94,0,0,0,0,0,0,0,0,0,0,0,0,0
503,132988.6383,79560.84411,39617.41688,14771.25,7365.93,1811.94,0,0,0,0,0,0,0,0,0,0,0,0,0
504,112890.9007,64930.85207,33571.81512,14771.25,7365.93,1811.94,0,0,0,0,0,0,0,0,0,0,0,0,0