Time_Index,Demand_MW_z1,Demand_MW_z2,Demand_MW_z3,Demand_H2_z1,Demand_H2_z2,Demand_H2_z3,Demand_Zero
1,102999,84477,30571,31937.18,30440.74,15988.28,0
2,98121,81764,29452,31937.18,30440.74,15988.28,0
3,95100,80248,28759,31937.18,30440.74,15988.28,0
4,93727,79706,28478,31937.18,30440.74,15988.28,0
5,93366,80187,28562,31937.18,30440.74,15988.28,0
6,94907,81865,29177,31937.18,30440.74,15988.28,0
7,98355,84663,30401,31937.18,30440.74,15988.28,0
8,103496,88018,31800,31937.18,30440.74,15988.28,0
9,111479,91511,33829,31937.18,30440.74,15988.28,0
10,119113,94324,35282,31937.18,30440.74,15988.28,0
11,122199,94962,36110,31937.18,30440.74,15988.28,0
12,123146,94418,36503,31937.18,30440.74,15988.28,0
13,124605,93628,36546,31937.18,30440.74,15988.28,0
14,125819,92523,36310,31937.18,30440.74,15988.28,0
15,126191,91362,36023,31937.18,30440.74,15988.28,0
16,126519,90948,36182,31937.18,30440.74,15988.28,0
17,127567,92478,37435,31937.18,30440.74,15988.28,0
18,130022,97542,40334,31937.18,30440.74,15988.28,0
19,135140,102291,40416,31937.18,30440.74,15988.28,0
20,134507,101842,39025,31937.18,30440.74,15988.28,0
21,132014,101600,38062,31937.18,30440.74,15988.28,0
22,128031,100016,36523,31937.18,30440.74,15988.28,0
23,125456,98006,35237,31937.18,30440.74,15988.28,0
24,117006,93479,32613,31937.18,30440.74,15988.28,0
25,109296,89679,30494,31937.18,30440.74,15988.28,0
26,105224,88201,29345,31937.18,30440.74,15988.28,0
27,103494,88006,28814,31937.18,30440.74,15988.28,0
28,103739,88994,28741,31937.18,30440.74,15988.28,0
29,106492,91842,29399,31937.18,30440.74,15988.28,0
30,114634,98619,31748,31937.18,30440.74,15988.28,0
31,129838,109663,36254,31937.18,30440.74,15988.28,0
32,140017,115467,38801,31937.18,30440.74,15988.28,0
33,140678,114235,39384,31937.18,30440.74,15988.28,0
34,141184,111042,39542,31937.18,30440.74,15988.28,0
35,141451,108483,39630,31937.18,30440.74,15988.28,0
36,140611,105844,39400,31937.18,30440.74,15988.28,0
37,139623,103557,38875,31937.18,30440.74,15988.28,0
38,138314,101860,38527,31937.18,30440.74,15988.28,0
39,136799,100149,37974,31937.18,30440.74,15988.28,0
40,135237,99049,37764,31937.18,30440.74,15988.28,0
41,135218,100035,38650,31937.18,30440.74,15988.28,0
42,138527,105168,41715,31937.18,30440.74,15988.28,0
43,148060,111448,42997,31937.18,30440.74,15988.28,0
44,151966,112146,42284,31937.18,30440.74,15988.28,0
45,149210,110664,40750,31937.18,30440.74,15988.28,0
46,143352,106613,38132,31937.18,30440.74,15988.28,0
47,135089,100381,34843,31937.18,30440.74,15988.28,0
48,125603,93861,31739,31937.18,30440.74,15988.28,0
49,118317,89225,29625,31937.18,30440.74,15988.28,0
50,115122,86746,28362,31937.18,30440.74,15988.28,0
51,114161,85787,27796,31937.18,30440.74,15988.28,0
52,114419,86031,27673,31937.18,30440.74,15988.28,0
53,117411,88378,28373,31937.18,30440.74,15988.28,0
54,125931,94575,30837,31937.18,30440.74,15988.28,0
55,141550,105416,35533,31937.18,30440.74,15988.28,0
56,150730,111352,38281,31937.18,30440.74,15988.28,0
57,148750,110111,38913,31937.18,30440.74,15988.28,0
58,144775,108010,39192,31937.18,30440.74,15988.28,0
59,140968,106608,39305,31937.18,30440.74,15988.28,0
60,137030,104844,39262,31937.18,30440.74,15988.28,0
61,134287,103431,39034,31937.18,30440.74,15988.28,0
62,132155,102209,38864,31937.18,30440.74,15988.28,0
63,130435,100850,38544,31937.18,30440.74,15988.28,0
64,129269,100132,38660,31937.18,30440.74,15988.28,0
65,129488,103100,39840,31937.18,30440.74,15988.28,0
66,133085,106991,42899,31937.18,30440.74,15988.28,0
67,144142,112596,44070,31937.18,30440.74,15988.28,0
68,148159,112570,43038,31937.18,30440.74,15988.28,0
69,146262,110802,41261,31937.18,30440.74,15988.28,0
70,141547,106988,38796,31937.18,30440.74,15988.28,0
71,133570,100881,35552,31937.18,30440.74,15988.28,0
72,124504,94689,32559,31937.18,30440.74,15988.28,0
73,117610,90559,30624,31937.18,30440.74,15988.28,0
74,114499,88229,29618,31937.18,30440.74,15988.28,0
75,113337,87438,29190,31937.18,30440.74,15988.28,0
76,113459,87934,29204,31937.18,30440.74,15988.28,0
77,116629,90165,29958,31937.18,30440.74,15988.28,0
78,124788,96150,32527,31937.18,30440.74,15988.28,0
79,140203,106929,37319,31937.18,30440.74,15988.28,0
80,148540,112794,39986,31937.18,30440.74,15988.28,0
81,146580,112467,40676,31937.18,30440.74,15988.28,0
82,143445,111842,40872,31937.18,30440.74,15988.28,0
83,141451,111409,40772,31937.18,30440.74,15988.28,0
84,139053,110742,40504,31937.18,30440.74,15988.28,0
85,137269,110030,40157,31937.18,30440.74,15988.28,0
86,135953,109788,40079,31937.18,30440.74,15988.28,0
87,134911,109338,39880,31937.18,30440.74,15988.28,0
88,134135,109224,40216,31937.18,30440.74,15988.28,0
89,135345,110839,41613,31937.18,30440.74,15988.28,0
90,138459,115116,44447,31937.18,30440.74,15988.28,0
91,148540,119159,45176,31937.18,30440.74,15988.28,0
92,152129,118703,43950,31937.18,30440.74,15988.28,0
93,149837,116471,42046,31937.18,30440.74,15988.28,0
94,145228,112204,39530,31937.18,30440.74,15988.28,0
95,137180,105405,36102,31937.18,30440.74,15988.28,0
96,128055,98589,32937,31937.18,30440.74,15988.28,0
97,121360,94159,30879,31937.18,30440.74,15988.28,0
98,118355,91661,29750,31937.18,30440.74,15988.28,0
99,117569,90939,29165,31937.18,30440.74,15988.28,0
100,118396,91163,29075,31937.18,30440.74,15988.28,0
101,121780,93539,29813,31937.18,30440.74,15988.28,0
102,130469,99971,32273,31937.18,30440.74,15988.28,0
103,146956,110871,37001,31937.18,30440.74,15988.28,0
104,156737,116601,39496,31937.18,30440.74,15988.28,0
105,154718,115170,39902,31937.18,30440.74,15988.28,0
106,150808,113097,39881,31937.18,30440.74,15988.28,0
107,147264,111329,39789,31937.18,30440.74,15988.28,0
108,142849,109099,39463,31937.18,30440.74,15988.28,0
109,139100,106934,38987,31937.18,30440.74,15988.28,0
110,136022,105347,38695,31937.18,30440.74,15988.28,0
111,133846,103506,38156,31937.18,30440.74,15988.28,0
112,131776,102638,38084,31937.18,30440.74,15988.28,0
113,132652,103914,39118,31937.18,30440.74,15988.28,0
114,137177,109090,42118,31937.18,30440.74,15988.28,0
115,148805,116011,43673,31937.18,30440.74,15988.28,0
116,154427,116704,42907,31937.18,30440.74,15988.28,0
117,153606,115395,41300,31937.18,30440.74,15988.28,0
118,149681,111641,38885,31937.18,30440.74,15988.28,0
119,141993,105461,35620,31937.18,30440.74,15988.28,0
120,133624,98688,32665,31937.18,30440.74,15988.28,0
121,127318,94091,30712,31937.18,30440.74,15988.28,0
122,124292,91779,29645,31937.18,30440.74,15988.28,0
123,123538,91027,29126,31937.18,30440.74,15988.28,0
124,124053,91187,29050,31937.18,30440.74,15988.28,0
125,126762,93453,29757,31937.18,30440.74,15988.28,0
126,134356,99584,32095,31937.18,30440.74,15988.28,0
127,148840,110134,36660,31937.18,30440.74,15988.28,0
128,157405,115778,39243,31937.18,30440.74,15988.28,0
129,155385,114730,39723,31937.18,30440.74,15988.28,0
130,152813,112561,39731,31937.18,30440.74,15988.28,0
131,150378,110820,39668,31937.18,30440.74,15988.28,0
132,147596,109208,39358,31937.18,30440.74,15988.28,0
133,145066,107546,38822,31937.18,30440.74,15988.28,0
134,143059,106595,38500,31937.18,30440.74,15988.28,0
135,141235,105893,38078,31937.18,30440.74,15988.28,0
136,140236,105853,38062,31937.18,30440.74,15988.28,0
137,140896,107775,39125,31937.18,30440.74,15988.28,0
138,143756,111722,41771,31937.18,30440.74,15988.28,0
139,150593,114696,42463,31937.18,30440.74,15988.28,0
140,150348,113179,41149,31937.18,30440.74,15988.28,0
141,146566,110728,39464,31937.18,30440.74,15988.28,0
142,141634,107215,37470,31937.18,30440.74,15988.28,0
143,135085,102236,34963,31937.18,30440.74,15988.28,0
144,127236,96226,32256,31937.18,30440.74,15988.28,0
145,120480,91568,30191,31937.18,30440.74,15988.28,0
146,115775,89038,28944,31937.18,30440.74,15988.28,0
147,113871,87868,28194,31937.18,30440.74,15988.28,0
148,113553,87635,27868,31937.18,30440.74,15988.28,0
149,115122,88470,28045,31937.18,30440.74,15988.28,0
150,118692,91252,28906,31937.18,30440.74,15988.28,0
151,124938,95311,30696,31937.18,30440.74,15988.28,0
152,132228,99813,32639,31937.18,30440.74,15988.28,0
153,140672,104032,35063,31937.18,30440.74,15988.28,0
154,146677,107495,36945,31937.18,30440.74,15988.28,0
155,148695,108565,37997,31937.18,30440.74,15988.28,0
156,147366,108148,38187,31937.18,30440.74,15988.28,0
157,144969,107217,38000,31937.18,30440.74,15988.28,0
158,141946,105923,37655,31937.18,30440.74,15988.28,0
159,139464,104840,37270,31937.18,30440.74,15988.28,0
160,138560,105055,37205,31937.18,30440.74,15988.28,0
161,140291,107181,38271,31937.18,30440.74,15988.28,0
162,146429,111827,40763,31937.18,30440.74,15988.28,0
163,159574,117853,41780,31937.18,30440.74,15988.28,0
164,166162,118431,40736,31937.18,30440.74,15988.28,0
165,166934,117105,39343,31937.18,30440.74,15988.28,0
166,166061,114746,37737,31937.18,30440.74,15988.28,0
167,163105,111060,35692,31937.18,30440.74,15988.28,0
168,158618,106890,33520,31937.18,30440.74,15988.28,0
169,98450,73093,26418,31937.18,30440.74,15988.28,0
170,94578,72099,25692,31937.18,30440.74,15988.28,0
171,92906,72233,25270,31937.18,30440.74,15988.28,0
172,93391,74173,25407,31937.18,30440.74,15988.28,0
173,97290,80006,26643,31937.18,30440.74,15988.28,0
174,106997,89954,29629,31937.18,30440.74,15988.28,0
175,118107,95665,33362,31937.18,30440.74,15988.28,0
176,123775,97932,35913,31937.18,30440.74,15988.28,0
177,125935,98601,37085,31937.18,30440.74,15988.28,0
178,127896,99065,37683,31937.18,30440.74,15988.28,0
179,129235,98937,38129,31937.18,30440.74,15988.28,0
180,129644,98319,38296,31937.18,30440.74,15988.28,0
181,129767,97645,38246,31937.18,30440.74,15988.28,0
182,129430,96642,38128,31937.18,30440.74,15988.28,0
183,128945,95807,37830,31937.18,30440.74,15988.28,0
184,128939,95931,37769,31937.18,30440.74,15988.28,0
185,129394,96600,38043,31937.18,30440.74,15988.28,0
186,129742,96809,38238,31937.18,30440.74,15988.28,0
187,129708,97549,38266,31937.18,30440.74,15988.28,0
188,132634,100465,38688,31937.18,30440.74,15988.28,0
189,134250,98899,37870,31937.18,30440.74,15988.28,0
190,129683,92542,35067,31937.18,30440.74,15988.28,0
191,120314,85410,31705,31937.18,30440.74,15988.28,0
192,110828,80001,28905,31937.18,30440.74,15988.28,0
193,104288,77369,27167,31937.18,30440.74,15988.28,0
194,101123,76183,26166,31937.18,30440.74,15988.28,0
195,100000,75997,25679,31937.18,30440.74,15988.28,0
196,100823,77975,25797,31937.18,30440.74,15988.28,0
197,105170,83755,27083,31937.18,30440.74,15988.28,0
198,115849,92882,29908,31937.18,30440.74,15988.28,0
199,126259,97218,33344,31937.18,30440.74,15988.28,0
200,130276,97447,35495,31937.18,30440.74,15988.28,0
201,129158,96429,36367,31937.18,30440.74,15988.28,0
202,127820,96046,36825,31937.18,30440.74,15988.28,0
203,127031,95344,37112,31937.18,30440.74,15988.28,0
204,125824,94806,37068,31937.18,30440.74,15988.28,0
205,125468,94211,37024,31937.18,30440.74,15988.28,0
206,124944,93419,36934,31937.18,30440.74,15988.28,0
207,124613,92314,36678,31937.18,30440.74,15988.28,0
208,125207,91608,36635,31937.18,30440.74,15988.28,0
209,126200,91494,36756,31937.18,30440.74,15988.28,0
210,126585,90980,36835,31937.18,30440.74,15988.28,0
211,126754,91978,37018,31937.18,30440.74,15988.28,0
212,129130,96428,37990,31937.18,30440.74,15988.28,0
213,130876,95171,37787,31937.18,30440.74,15988.28,0
214,126837,88980,35177,31937.18,30440.74,15988.28,0
215,116285,82359,31832,31937.18,30440.74,15988.28,0
216,106214,77445,28981,31937.18,30440.74,15988.28,0
217,99890,74942,27181,31937.18,30440.74,15988.28,0
218,95985,73525,26080,31937.18,30440.74,15988.28,0
219,94381,73486,25684,31937.18,30440.74,15988.28,0
220,94490,75387,25797,31937.18,30440.74,15988.28,0
221,98204,81162,27119,31937.18,30440.74,15988.28,0
222,107501,90548,29958,31937.18,30440.74,15988.28,0
223,118046,94886,33378,31937.18,30440.74,15988.28,0
224,122470,95394,35419,31937.18,30440.74,15988.28,0
225,123410,94865,36144,31937.18,30440.74,15988.28,0
226,124555,94536,36537,31937.18,30440.74,15988.28,0
227,126078,94201,36691,31937.18,30440.74,15988.28,0
228,127504,93642,36686,31937.18,30440.74,15988.28,0
229,128960,93386,36601,31937.18,30440.74,15988.28,0
230,130641,92865,36503,31937.18,30440.74,15988.28,0
231,133209,91936,36176,31937.18,30440.74,15988.28,0
232,136016,91778,36141,31937.18,30440.74,15988.28,0
233,138659,91647,36375,31937.18,30440.74,15988.28,0
234,139910,91150,36413,31937.18,30440.74,15988.28,0
235,139453,92087,36706,31937.18,30440.74,15988.28,0
236,139501,95694,37410,31937.18,30440.74,15988.28,0
237,139378,93425,36872,31937.18,30440.74,15988.28,0
238,133747,86760,34479,31937.18,30440.74,15988.28,0
239,122391,79714,31221,31937.18,30440.74,15988.28,0
240,110751,74621,28493,31937.18,30440.74,15988.28,0
241,102361,71657,26846,31937.18,30440.74,15988.28,0
242,97141,70391,25916,31937.18,30440.74,15988.28,0
243,94603,70004,25570,31937.18,30440.74,15988.28,0
244,93867,71173,25762,31937.18,30440.74,15988.28,0
245,96596,76181,27067,31937.18,30440.74,15988.28,0
246,104565,85133,29958,31937.18,30440.74,15988.28,0
247,114347,90797,33472,31937.18,30440.74,15988.28,0
248,119765,93122,35550,31937.18,30440.74,15988.28,0
249,123571,94822,36367,31937.18,30440.74,15988.28,0
250,127860,95519,36725,31937.18,30440.74,15988.28,0
251,131665,95603,36895,31937.18,30440.74,15988.28,0
252,135488,95315,36922,31937.18,30440.74,15988.28,0
253,139739,95205,36946,31937.18,30440.74,15988.28,0
254,143685,94343,36990,31937.18,30440.74,15988.28,0
255,147565,93378,36822,31937.18,30440.74,15988.28,0
256,151699,93268,36909,31937.18,30440.74,15988.28,0
257,153952,93063,37467,31937.18,30440.74,15988.28,0
258,154420,92796,38014,31937.18,30440.74,15988.28,0
259,152151,93074,38279,31937.18,30440.74,15988.28,0
260,150208,95415,38233,31937.18,30440.74,15988.28,0
261,148743,93692,37093,31937.18,30440.74,15988.28,0
262,142242,87403,34447,31937.18,30440.74,15988.28,0
263,130186,80356,31192,31937.18,30440.74,15988.28,0
264,117750,75253,28444,31937.18,30440.74,15988.28,0
265,107914,72180,26742,31937.18,30440.74,15988.28,0
266,101574,70710,25773,31937.18,30440.74,15988.28,0
267,97994,70375,25333,31937.18,30440.74,15988.28,0
268,96671,71881,25412,31937.18,30440.74,15988.28,0
269,98860,77097,26597,31937.18,30440.74,15988.28,0
270,106413,85713,29348,31937.18,30440.74,15988.28,0
271,115298,91058,32884,31937.18,30440.74,15988.28,0
272,120997,93199,35263,31937.18,30440.74,15988.28,0
273,125393,94046,36388,31937.18,30440.74,15988.28,0
274,131566,94442,36936,31937.18,30440.74,15988.28,0
275,136037,93745,37163,31937.18,30440.74,15988.28,0
276,140985,92763,37102,31937.18,30440.74,15988.28,0
277,145554,92214,36855,31937.18,30440.74,15988.28,0
278,149947,91167,36618,31937.18,30440.74,15988.28,0
279,154010,89861,36196,31937.18,30440.74,15988.28,0
280,156899,89128,35945,31937.18,30440.74,15988.28,0
281,158370,88544,35943,31937.18,30440.74,15988.28,0
282,157166,87807,35873,31937.18,30440.74,15988.28,0
283,153192,87954,36039,31937.18,30440.74,15988.28,0
284,148763,91330,36676,31937.18,30440.74,15988.28,0
285,145859,91023,36498,31937.18,30440.74,15988.28,0
286,139757,86443,34633,31937.18,30440.74,15988.28,0
287,129354,80705,31959,31937.18,30440.74,15988.28,0
288,118818,75924,29353,31937.18,30440.74,15988.28,0
289,109280,73136,27610,31937.18,30440.74,15988.28,0
290,103028,71600,26587,31937.18,30440.74,15988.28,0
291,98768,71011,26098,31937.18,30440.74,15988.28,0
292,96641,71473,26000,31937.18,30440.74,15988.28,0
293,96438,73553,26503,31937.18,30440.74,15988.28,0
294,98072,76187,27277,31937.18,30440.74,15988.28,0
295,101100,79707,28791,31937.18,30440.74,15988.28,0
296,105593,83809,30957,31937.18,30440.74,15988.28,0
297,113925,87009,32673,31937.18,30440.74,15988.28,0
298,122137,88306,33469,31937.18,30440.74,15988.28,0
299,128746,87985,33537,31937.18,30440.74,15988.28,0
300,134201,87307,33235,31937.18,30440.74,15988.28,0
301,138696,86113,32780,31937.18,30440.74,15988.28,0
302,142638,84477,32243,31937.18,30440.74,15988.28,0
303,145861,83515,31754,31937.18,30440.74,15988.28,0
304,148478,83472,31645,31937.18,30440.74,15988.28,0
305,150369,84539,32069,31937.18,30440.74,15988.28,0
306,150372,85177,32693,31937.18,30440.74,15988.28,0
307,147745,86381,33278,31937.18,30440.74,15988.28,0
308,144571,88480,33940,31937.18,30440.74,15988.28,0
309,141708,87319,33985,31937.18,30440.74,15988.28,0
310,136340,83812,32463,31937.18,30440.74,15988.28,0
311,126688,78629,30278,31937.18,30440.74,15988.28,0
312,116281,73752,28073,31937.18,30440.74,15988.28,0
313,107508,71098,26452,31937.18,30440.74,15988.28,0
314,101012,69373,25471,31937.18,30440.74,15988.28,0
315,96821,68652,24991,31937.18,30440.74,15988.28,0
316,94430,68946,24856,31937.18,30440.74,15988.28,0
317,93733,70188,25127,31937.18,30440.74,15988.28,0
318,94331,71520,25553,31937.18,30440.74,15988.28,0
319,96332,73591,26600,31937.18,30440.74,15988.28,0
320,100648,76895,28366,31937.18,30440.74,15988.28,0
321,109557,78988,30206,31937.18,30440.74,15988.28,0
322,118044,79542,31341,31937.18,30440.74,15988.28,0
323,125439,79603,31752,31937.18,30440.74,15988.28,0
324,132190,79396,31921,31937.18,30440.74,15988.28,0
325,138564,79007,31826,31937.18,30440.74,15988.28,0
326,144365,78268,31521,31937.18,30440.74,15988.28,0
327,149148,78143,31243,31937.18,30440.74,15988.28,0
328,152802,78914,31383,31937.18,30440.74,15988.28,0
329,155597,80310,32023,31937.18,30440.74,15988.28,0
330,155952,81543,32792,31937.18,30440.74,15988.28,0
331,154621,83192,33479,31937.18,30440.74,15988.28,0
332,152585,87379,34503,31937.18,30440.74,15988.28,0
333,149805,86544,34604,31937.18,30440.74,15988.28,0
334,143265,81168,32497,31937.18,30440.74,15988.28,0
335,130706,75505,29738,31937.18,30440.74,15988.28,0
336,117743,70887,27401,31937.18,30440.74,15988.28,0
337,136089,93227,38330,31937.18,30440.74,15988.28,0
338,129089,89817,36792,31937.18,30440.74,15988.28,0
339,124397,87831,35734,31937.18,30440.74,15988.28,0
340,122164,88168,35427,31937.18,30440.74,15988.28,0
341,123406,91736,36232,31937.18,30440.74,15988.28,0
342,128664,97399,38175,31937.18,30440.74,15988.28,0
343,136501,103741,41516,31937.18,30440.74,15988.28,0
344,143979,110644,45384,31937.18,30440.74,15988.28,0
345,153362,117456,48327,31937.18,30440.74,15988.28,0
346,164788,123911,50406,31937.18,30440.74,15988.28,0
347,176527,129318,51897,31937.18,30440.74,15988.28,0
348,187583,133957,52929,31937.18,30440.74,15988.28,0
349,196819,138192,53775,31937.18,30440.74,15988.28,0
350,203129,141271,54513,31937.18,30440.74,15988.28,0
351,206139,143393,54764,31937.18,30440.74,15988.28,0
352,205681,145000,54883,31937.18,30440.74,15988.28,0
353,203184,144706,54538,31937.18,30440.74,15988.28,0
354,198563,141642,53168,31937.18,30440.74,15988.28,0
355,192711,136252,51123,31937.18,30440.74,15988.28,0
356,187898,132199,49783,31937.18,30440.74,15988.28,0
357,182639,127881,48674,31937.18,30440.74,15988.28,0
358,174490,117868,45520,31937.18,30440.74,15988.28,0
359,161633,106776,41117,31937.18,30440.74,15988.28,0
360,148053,97602,37192,31937.18,30440.74,15988.28,0
361,137213,90943,34345,31937.18,30440.74,15988.28,0
362,129582,86621,32448,31937.18,30440.74,15988.28,0
363,124615,84017,31296,31937.18,30440.74,15988.28,0
364,122262,83932,30891,31937.18,30440.74,15988.28,0
365,123442,87135,31486,31937.18,30440.74,15988.28,0
366,128753,92490,33370,31937.18,30440.74,15988.28,0
367,136490,98713,36648,31937.18,30440.74,15988.28,0
368,143471,105167,40240,31937.18,30440.74,15988.28,0
369,151886,111653,43038,31937.18,30440.74,15988.28,0
370,161907,119090,45402,31937.18,30440.74,15988.28,0
371,173235,125494,47435,31937.18,30440.74,15988.28,0
372,184037,131400,48871,31937.18,30440.74,15988.28,0
373,192611,136459,50060,31937.18,30440.74,15988.28,0
374,199788,140857,51179,31937.18,30440.74,15988.28,0
375,204209,143795,51827,31937.18,30440.74,15988.28,0
376,206000,146040,52282,31937.18,30440.74,15988.28,0
377,204556,146373,52253,31937.18,30440.74,15988.28,0
378,200709,144043,51411,31937.18,30440.74,15988.28,0
379,195402,139377,49932,31937.18,30440.74,15988.28,0
380,190888,136150,49136,31937.18,30440.74,15988.28,0
381,185973,132656,48578,31937.18,30440.74,15988.28,0
382,177678,122795,45872,31937.18,30440.74,15988.28,0
383,164181,112099,41838,31937.18,30440.74,15988.28,0
384,150127,102651,38071,31937.18,30440.74,15988.28,0
385,138953,95885,35269,31937.18,30440.74,15988.28,0
386,130603,91244,33252,31937.18,30440.74,15988.28,0
387,125732,88523,32129,31937.18,30440.74,15988.28,0
388,122914,88379,31778,31937.18,30440.74,15988.28,0
389,123989,91535,32578,31937.18,30440.74,15988.28,0
390,129386,97149,34623,31937.18,30440.74,15988.28,0
391,136643,103230,38038,31937.18,30440.74,15988.28,0
392,143554,110769,42079,31937.18,30440.74,15988.28,0
393,152704,118461,45539,31937.18,30440.74,15988.28,0
394,164790,126431,48324,31937.18,30440.74,15988.28,0
395,177718,133336,50794,31937.18,30440.74,15988.28,0
396,190514,138866,52704,31937.18,30440.74,15988.28,0
397,201140,143795,54140,31937.18,30440.74,15988.28,0
398,208970,147049,55509,31937.18,30440.74,15988.28,0
399,212991,148425,56137,31937.18,30440.74,15988.28,0
400,215070,148637,56415,31937.18,30440.74,15988.28,0
401,215412,147214,56289,31937.18,30440.74,15988.28,0
402,212904,143932,55471,31937.18,30440.74,15988.28,0
403,206248,139324,54155,31937.18,30440.74,15988.28,0
404,198555,136371,53115,31937.18,30440.74,15988.28,0
405,191703,132021,52137,31937.18,30440.74,15988.28,0
406,182033,122371,49176,31937.18,30440.74,15988.28,0
407,167150,111789,44919,31937.18,30440.74,15988.28,0
408,153437,102902,40865,31937.18,30440.74,15988.28,0
409,141122,96135,37924,31937.18,30440.74,15988.28,0
410,132574,91597,36073,31937.18,30440.74,15988.28,0
411,127022,89089,34893,31937.18,30440.74,15988.28,0
412,123849,88779,34459,31937.18,30440.74,15988.28,0
413,124222,92068,35182,31937.18,30440.74,15988.28,0
414,129601,98008,37293,31937.18,30440.74,15988.28,0
415,137016,104331,40759,31937.18,30440.74,15988.28,0
416,144718,111421,44705,31937.18,30440.74,15988.28,0
417,154075,118795,48235,31937.18,30440.74,15988.28,0
418,165930,126304,51291,31937.18,30440.74,15988.28,0
419,178824,132697,53885,31937.18,30440.74,15988.28,0
420,189881,137708,55821,31937.18,30440.74,15988.28,0
421,197414,141946,57360,31937.18,30440.74,15988.28,0
422,202788,144389,58399,31937.18,30440.74,15988.28,0
423,206900,145492,58676,31937.18,30440.74,15988.28,0
424,207373,144787,58352,31937.18,30440.74,15988.28,0
425,204434,142069,57627,31937.18,30440.74,15988.28,0
426,200612,137320,56303,31937.18,30440.74,15988.28,0
427,194702,132060,54738,31937.18,30440.74,15988.28,0
428,188511,129945,53663,31937.18,30440.74,15988.28,0
429,182979,125512,52542,31937.18,30440.74,15988.28,0
430,174475,116552,49528,31937.18,30440.74,15988.28,0
431,160759,106954,45390,31937.18,30440.74,15988.28,0
432,147208,98528,41532,31937.18,30440.74,15988.28,0
433,136333,92957,38962,31937.18,30440.74,15988.28,0
434,128557,89474,37232,31937.18,30440.74,15988.28,0
435,124079,87382,36133,31937.18,30440.74,15988.28,0
436,121574,87850,35771,31937.18,30440.74,15988.28,0
437,122523,91339,36611,31937.18,30440.74,15988.28,0
438,127792,97766,38819,31937.18,30440.74,15988.28,0
439,135244,103000,42217,31937.18,30440.74,15988.28,0
440,142079,107743,45844,31937.18,30440.74,15988.28,0
441,150551,112079,48815,31937.18,30440.74,15988.28,0
442,159773,115735,50917,31937.18,30440.74,15988.28,0
443,168440,118049,52367,31937.18,30440.74,15988.28,0
444,175922,119974,52828,31937.18,30440.74,15988.28,0
445,182965,122377,52546,31937.18,30440.74,15988.28,0
446,187831,124625,52351,31937.18,30440.74,15988.28,0
447,190228,126163,52082,31937.18,30440.74,15988.28,0
448,191017,126815,51732,31937.18,30440.74,15988.28,0
449,190986,125825,51461,31937.18,30440.74,15988.28,0
450,187034,122664,50546,31937.18,30440.74,15988.28,0
451,180861,118362,49512,31937.18,30440.74,15988.28,0
452,175169,116410,48754,31937.18,30440.74,15988.28,0
453,170691,113787,47920,31937.18,30440.74,15988.28,0
454,163931,106982,45725,31937.18,30440.74,15988.28,0
455,152724,98874,42476,31937.18,30440.74,15988.28,0
456,140749,91348,39209,31937.18,30440.74,15988.28,0
457,130760,85730,36623,31937.18,30440.74,15988.28,0
458,123226,82186,34868,31937.18,30440.74,15988.28,0
459,117860,79702,33769,31937.18,30440.74,15988.28,0
460,114737,78526,33132,31937.18,30440.74,15988.28,0
461,113289,79233,33098,31937.18,30440.74,15988.28,0
462,114116,80620,33526,31937.18,30440.74,15988.28,0
463,116396,83579,35107,31937.18,30440.74,15988.28,0
464,121323,89679,38199,31937.18,30440.74,15988.28,0
465,132051,96025,41652,31937.18,30440.74,15988.28,0
466,143742,102126,44339,31937.18,30440.74,15988.28,0
467,154421,106595,46436,31937.18,30440.74,15988.28,0
468,163145,109734,47864,31937.18,30440.74,15988.28,0
469,170484,111343,48704,31937.18,30440.74,15988.28,0
470,175177,112475,49184,31937.18,30440.74,15988.28,0
471,178288,113240,49406,31937.18,30440.74,15988.28,0
472,179262,113678,49645,31937.18,30440.74,15988.28,0
473,178883,113084,49691,31937.18,30440.74,15988.28,0
474,176597,111175,49310,31937.18,30440.74,15988.28,0
475,172322,108454,48431,31937.18,30440.74,15988.28,0
476,167135,107317,47690,31937.18,30440.74,15988.28,0
477,161753,105217,46968,31937.18,30440.74,15988.28,0
478,154946,99358,44911,31937.18,30440.74,15988.28,0
479,143996,92386,41988,31937.18,30440.74,15988.28,0
480,132793,85783,38902,31937.18,30440.74,15988.28,0
481,122749,80746,36442,31937.18,30440.74,15988.28,0
482,115210,77302,34666,31937.18,30440.74,15988.28,0
483,110241,75162,33458,31937.18,30440.74,15988.28,0
484,106898,73769,32765,31937.18,30440.74,15988.28,0
485,105622,73621,32533,31937.18,30440.74,15988.28,0
486,105468,73623,32487,31937.18,30440.74,15988.28,0
487,107085,75614,33410,31937.18,30440.74,15988.28,0
488,112126,81488,35679,31937.18,30440.74,15988.28,0
489,123816,88428,38685,31937.18,30440.74,15988.28,0
490,136848,94105,41386,31937.18,30440.74,15988.28,0
491,148554,99176,43648,31937.18,30440.74,15988.28,0
492,158822,103435,45404,31937.18,30440.74,15988.28,0
493,168296,106886,46702,31937.18,30440.74,15988.28,0
494,175213,109342,47448,31937.18,30440.74,15988.28,0
495,179108,111313,48021,31937.18,30440.74,15988.28,0
496,181264,113446,48681,31937.18,30440.74,15988.28,0
497,182580,114560,49142,31937.18,30440.74,15988.28,0
498,182333,113455,49027,31937.18,30440.74,15988.28,0
499,178381,110276,48263,31937.18,30440.74,15988.28,0
500,173005,109642,47643,31937.18,30440.74,15988.28,0
501,167950,107463,47019,31937.18,30440.74,15988.28,0
502,160015,100567,44589,31937.18,30440.74,15988.28,0
503,147518,92967,41043,31937.18,30440.74,15988.28,0
504,134351,86184,37644,31937.18,30440.74,15988.28,0
